Smiles,IDO_pic50,TDO_pic50
Fc1ccc2[nH]cc([C@H]3CC(=O)NC3=O)c2c1,Active,Inactive
OC1C2CC3CC1CC(C3)(C2)C(=O)CC1c2c(cccc2F)-c2cncn12,Active,Active
OC12CC3CC(C1)CC(C3)(C2)C(=O)CC1c2c(cccc2F)-c2cncn12,Active,Active
COc1cccc(NC(=O)[C@H]2CCC(CC2)[C@@H]2c3c(cccc3F)-c3cncn23)c1,Active,Active
CC1(C)OCC(Cn2cc(cn2)-c2ccc(cc2)N2CCC(CC2)C2c3c(cccc3F)-c3cncn23)O1,Active,Active
CC1(C)OC[C@H](Cn2cc(cn2)-c2ccc(cc2)N2CCC(CC2)C2c3c(cccc3F)-c3cncn23)O1,Active,Active
Fc1cccc2-c3cncn3C(CC(=O)C34CC5CC(CC(C5)C3)C4)c12,Active,Active
OC12CC3CC(C1)CC(C3)(C2)C(=O)CC1c2ccccc2-c2cncn12,Active,Active
Fc1cccc2-c3cncn3C(C3CCN(CC3)c3ncc(Br)s3)c12,Active,Active
OC(CC1c2ccccc2-c2cncn12)C1CCN(CC1)c1ccc(cc1[N+]([O-])=O)C(F)(F)F,Active,Active
Fc1cccc2-c3cncn3C(C3CCN(CC3)c3ccc(C#N)c(F)c3)c12,Active,Active
FC(F)(F)c1cc(N2CCC3(CC2)NC(=O)N(CC2CCOCC2)C3=O)n2cncc2c1,Inactive,Inactive
Fc1ccc2[nH]cc(C3CC(=O)NC3=O)c2c1,Active,Inactive
CN1C(=O)NC2(CCN(CC2(C)C)c2cc(cc3cncn23)C(F)(F)F)C1=O,Active,Inactive
CN1C(=O)NC2(CCN(CC2)c2cc(cc3cncn23)C(F)(F)F)C1=O,Inactive,Inactive
FC(F)(F)c1cc(N2CCC3(CC2)NC(=O)N(C3=O)c2ccccc2)n2cncc2c1,Active,Inactive
OC(CC1c2c(cccc2F)-c2cncn12)C12CCC(O)(CC1)CC2,Active,Active
COc1ccc(CNc2cc(ccn2)-c2nnc(s2)N2CCC(CC2)C2c3c(cccc3F)-c3cncn23)cc1,Active,Active
Fc1cccc2-c3cncn3C(C3CCN(CC3)c3ccc(F)c(F)c3)c12,Active,Active
Fc1cccc2-c3cncn3C(C3CCN(CC3)c3ccc(Cl)cn3)c12,Active,Active
CC1(C)CN(CCC11NC(=O)N(CC2CCOCC2)C1=O)c1cc(cc2cncn12)C(F)(F)F,Inactive,Inactive
CC1(C)CN(CCC11NC(=O)N(C1=O)c1ccccc1)c1cc(cc2cncn12)C(F)(F)F,Inactive,Inactive
CC1(C)CN(CCC11NC(=O)NC1=O)c1cc(cn2cncc12)C(F)(F)F,Inactive,Active
CC1(C)CN(CCC11NC(=O)NC1=O)c1cc(cc2cncn12)C(F)(F)F,Inactive,Inactive
CS(=O)(=O)N1CCC(CC1)Oc1ccc(cc1)N1CCC(CC1)C1c2c(cccc2F)-c2cncn12,Active,Active
Fc1cccc2-c3cncn3C(C3CCN(CC3)c3ccc(cc3)-c3cnn(c3)[C@@H]3CCOC3)c12,Active,Active
Fc1cccc2-c3cncn3C(C3CCN(CC3)c3ccc(cc3)-c3cnn(c3)C3CCOC3)c12,Active,Active
CS(=O)(=O)N1CCC(CC1)n1cc(cn1)-c1ccc(cc1)N1CCC(CC1)C1c2c(cccc2F)-c2cncn12,Active,Active
COCCn1cc(cn1)-c1ccc(cc1)N1CCC(CC1)C1c2c(cccc2F)-c2cncn12,Active,Active
Fc1cccc2-c3cncn3C(C3CCN(CC3)c3ncc(cn3)-c3cnn(c3)C3CCOCC3)c12,Active,Active
FC(F)(F)c1cc(N2CCC3(CC2)NC(=O)NC3=O)c2cncn2c1,Inactive,Inactive
FC(F)(F)c1cc(N2CCC3(CC2)NC(=O)NC3=O)n2cncc2c1,Active,Inactive
FC(F)(F)c1cc(N2CCC3(CC(=O)NC3=O)CC2)n2cncc2c1,Active,Inactive
Brc1cc(N2CCC3(CC2)NC(=O)NC3=O)n2cncc2c1,Active,Active
CC1(C)CN(CCC11NC(=O)NC1=O)c1cc(Br)cc2cncn12,Active,Inactive
Clc1cc(N2CCC3(CC2)NC(=O)NC3=O)n2cncc2c1,Active,Inactive
CC1(C)CN(CCC11NC(=O)NC1=O)c1cc(Cl)cc2cncn12,Active,Inactive
O=C1c2cc(F)ccc2-n2c1nc1ccccc1c2=O,Active,Active
Cc1c(Br)oc2c1C(=O)C(=O)c1c-2ccc2c1CCCC2(C)C,Inactive,Inactive
Oc1ccccc1-c1nc2c3ccccc3c3ccccc3c2[nH]1,Inactive,Inactive
O=[N+]([O-])c1cc(F)c2cccnc2c1O,Inactive,Inactive
Nc1cccc2c([As](=O)(O)O)cccc12,Inactive,Inactive
Cc1ccccc1Cn1nnc2c1C(=O)c1ccccc1C2=O,Inactive,Active
O=Cc1ccc(O)c2ncccc12,Inactive,Inactive
Cc1cccc(Cn2nnc3c2C(=O)c2ccccc2C3=O)c1,Inactive,Inactive
CC1Oc2cc3c(-c4c(O)cc(O)c5c(O)c6c(cc45)OC(C)C(C)C6=O)c(O)cc(O)c3c(O)c2C(=O)C1C,Inactive,Inactive
O=C1c2ccccc2C(=O)c2c1nnn2Cc1ccccc1,Inactive,Active
O=C1Nc2ccccc2/C1=N/Nc1cccc(Cl)c1,Inactive,Inactive
O=C1Nc2ccccc2/C1=N/Nc1ccc(Cl)cc1,Active,Inactive
Fc1ccc2c(/C=C/c3nnn[nH]3)c[nH]c2c1,Inactive,Active
Cc1coc2c1C(=O)C(=O)c1c-2ccc2c1CCCC2(C)C,Inactive,Inactive
C[C@H]1COC2=C1C(=O)C(=O)c1c2ccc2c1CCCC2(C)C,Inactive,Inactive
COCCn1c2nc(=O)n(-c3ccccc3)c(=O)c-2nc2ccccc21,Inactive,Inactive
Brc1ccccc1-c1cnn[nH]1,Inactive,Inactive
Clc1ccccc1-c1cnn[nH]1,Inactive,Inactive
Fc1ccc(-c2cnn[nH]2)cc1,Inactive,Inactive
c1ccc(-c2cnn[nH]2)cc1,Inactive,Inactive
Cc1cccc(-c2c[nH]nn2)c1,Inactive,Inactive
Cc1ccccc1-c1c[nH]nn1,Inactive,Inactive
C[C@@H](CO)C1=C(O)C(=O)c2c(ccc3c2CCCC3(C)C)C1=O,Inactive,Inactive
O=[N+]([O-])/C=C/c1cc2ccccc2[nH]1,Inactive,Inactive
Nc1cccc(-c2c[nH]nn2)c1,Inactive,Inactive
Oc1cccc(-c2c[nH]nn2)c1,Inactive,Inactive
Cc1cc(=O)n2c3c(c4c(cc13)c(CN(C)C)cc(=O)n4C)OC2.Cl,Inactive,Inactive
Clc1cc(-c2c[nH]nn2)ccn1,Inactive,Inactive
Clc1cccc(-c2c[nH]nn2)c1,Inactive,Inactive
N#Cc1cccc(-c2c[nH]nn2)c1,Inactive,Inactive
FC(F)(F)c1cccc(-c2c[nH]nn2)c1,Inactive,Inactive
CCc1cccc(-c2c[nH]nn2)c1,Inactive,Inactive
O=[N+]([O-])c1cccc(-c2c[nH]nn2)c1,Inactive,Inactive
Fc1cccc(-c2c[nH]nn2)c1,Inactive,Inactive
Brc1cc(-c2c[nH]nn2)ccn1,Inactive,Inactive
Fc1cc(-c2c[nH]nn2)ccn1,Inactive,Inactive
FC(F)(F)c1cc(-c2c[nH]nn2)ccn1,Inactive,Inactive
Oc1ccccc1-c1c[nH]nn1,Inactive,Inactive
Nc1ccccc1-c1c[nH]nn1,Inactive,Inactive
Fc1ccccc1-c1c[nH]nn1,Inactive,Inactive
CCc1ccccc1-c1c[nH]nn1,Inactive,Inactive
Oc1ccc(Cl)cc1-c1c[nH]nn1,Active,Inactive
Cc1ccc(Cl)cc1-c1c[nH]nn1,Inactive,Inactive
Clc1ccc(Cl)c(-c2c[nH]nn2)c1,Inactive,Inactive
Clc1cccc(-c2c[nH]nn2)c1Cl,Inactive,Inactive
O=[N+]([O-])c1cc([N+](=O)[O-])c2cccnc2c1O,Inactive,Inactive
c1ccc2c(c1)[nH]c1c(-c3c[nH]cn3)nccc12,Inactive,Inactive
c1ccc2c(c1)[nH]c1cnccc12,Inactive,Inactive
CC1=C(O)C(=O)C=C2C1=CC=C1[C@@]2(C)CC[C@@]2(C)[C@@H]3C[C@](C)(C(=O)O)CC[C@]3(C)CC[C@]12C,Inactive,Inactive
O=C1c2cc(F)ccc2-n2c1nc1ccc(F)cc1c2=O,Inactive,Active
O=C1c2c(Cl)cccc2-n2c1nc1ccccc1c2=O,Inactive,Active
O=S(=O)(/N=C/c1c(O)ccc2ccccc12)c1cccs1,Inactive,Inactive
Cc1ccc(-c2csc3nnc(SCC(=O)Nc4ccc5c(c4)OCO5)n23)cc1,Inactive,Inactive
NS(=O)(=O)NCCNc1nonc1/C(=N/O)Nc1ccc(F)c(Br)c1,Active,Inactive
CN(C)CCNC(=O)c1c2c(n3ccccc13)C(=O)c1ncccc1C2=O,Active,Inactive
O=C1c2ccccc2C(=O)c2c1nnn2Cc1cccc(Cl)c1,Inactive,Active
O=C1c2ccccc2C(=O)c2c1nnn2Cc1ccc(F)cc1,Inactive,Inactive
Cc1ccc(Cn2nnc3c2C(=O)c2ccccc2C3=O)cc1,Inactive,Inactive
O=C1c2ccccc2C(=O)c2c1nnn2Cc1cccc(Br)c1,Inactive,Active
O=C1c2ccccc2C(=O)c2c1nnn2Cc1ccc(Br)cc1,Inactive,Inactive
O=C1c2ccccc2C(=O)c2c1nnn2Cc1ccc(Cl)cc1,Inactive,Inactive
O=C(O)c1cccc(Cn2nnc3c2C(=O)c2ccccc2C3=O)c1,Inactive,Active
O=C(O)c1ccc(Cn2nnc3c2C(=O)c2ccccc2C3=O)cc1,Inactive,Active
CCN(CC)C(=O)c1cccc(Cn2nnc3c2C(=O)c2ccccc2C3=O)c1,Inactive,Active
CCN(CC)C(=O)c1ccc(Cn2nnc3c2C(=O)c2ccccc2C3=O)cc1,Inactive,Active
CC(=O)N1CCN(C(=O)c2cccc(Cn3nnc4c3C(=O)c3ccccc3C4=O)c2)CC1,Active,Active
O=C1c2ccccc2C(=O)c2c1nnn2Cc1cccc(C(=O)N2CCOCC2)c1,Inactive,Active
CN1CCN(C(=O)c2cccc(Cn3nnc4c3C(=O)c3ccccc3C4=O)c2)CC1,Active,Active
CC(=O)N1CCN(C(=O)c2ccc(Cn3nnc4c3C(=O)c3ccccc3C4=O)cc2)CC1,Inactive,Active
O=C1c2ccccc2C(=O)c2c1nnn2Cc1ccc(C(=O)N2CCOCC2)cc1,Inactive,Active
CN1CCN(C(=O)c2ccc(Cn3nnc4c3C(=O)c3ccccc3C4=O)cc2)CC1,Inactive,Active
COC1CCN(C(=O)c2ccc(Cn3nnc4c3C(=O)c3ccccc3C4=O)cc2)CC1,Inactive,Active
CCN(CC)C(=O)Cc1ccc(Cn2nnc3c2C(=O)c2ccccc2C3=O)cc1,Inactive,Active
OC(CC1c2ccccc2-c2cncn21)C1CCCCC1,Active,Active
O=C(CC1c2ccccc2-c2cncn21)C1CCCCC1,Active,Active
Nc1oc2c(-c3ccnc(N4CCOCC4)c3)nccc2c1Nc1ccc(F)c(Cl)c1,Active,Inactive
Cc1coc2c1C(=O)C(=O)c1c-2ccc2c1CC[C@H](O)C2(C)C,Inactive,Inactive
Brc1cccc(-c2c[nH]nn2)c1,Inactive,Inactive
c1csc(-c2nccc3c2[nH]c2ccccc23)c1,Inactive,Inactive
Cc1n[nH]c2c1C(c1ccc(F)c(Cl)c1)c1c([nH]c(=O)[nH]c1=O)O2,Active,Inactive
Cc1n[nH]c2c1C(c1ccc(F)c(Cl)c1)c1c(C)n[nH]c1O2,Active,Inactive
N#CC1=C(N)Nc2[nH]c(=O)[nH]c(=O)c2C1c1cccc(Cl)c1,Active,Inactive
Nc1n[nH]c2c1C(c1ccc(F)c(Cl)c1)c1c(N)n[nH]c1O2,Active,Inactive
Cc1n[nH]c2c1C(c1ccc(F)cc1)c1c(C)n[nH]c1O2,Active,Inactive
COc1ccc(C2c3c(C)n[nH]c3Oc3[nH]nc(N)c32)cc1O,Active,Inactive
Cc1n[nH]c2c1C(c1ccc(F)c(F)c1)c1c(C)n[nH]c1O2,Active,Inactive
Cc1n[nH]c2c1C(c1ccc(F)c(F)c1)c1c(N)n[nH]c1O2,Active,Inactive
Nc1n[nH]c2c1C(c1ccc(F)c(F)c1)c1c(N)n[nH]c1O2,Active,Inactive
Cc1n[nH]c2c1C(c1ccc(F)c(F)c1)c1c([nH]c(=O)[nH]c1=O)O2,Active,Inactive
N#Cc1c(-c2cccc(Cl)c2)c2c(=O)[nH]c(=O)[nH]c2[nH]c1=O,Active,Inactive
Oc1ccc(CNc2cc(Br)cc3[nH]ncc23)cc1,Inactive,Inactive
Cc1n[nH]c2c1C(c1ccc(F)c(Cl)c1)c1c(N)n[nH]c1O2,Active,Inactive
O[C@H](C[C@H]1c2c(F)cccc2-c2cncn21)[C@H]1CC[C@H](O)CC1,Active,Inactive
O=C1c2ccccc2C2=C3C(O)=NN=C3CCN12,Inactive,Inactive
Oc1ccc(Cl)cc1-c1cncn1Cc1cc2cc(F)ccc2[nH]1,Active,Inactive
C[C@@H](C(=O)Nc1ccc(Cl)cc1)[C@H]1CC[C@@H](c2ccnc3ccc(F)cc32)CC1,Active,Inactive
Oc1ccc(F)cc1-c1cncn1Cc1cc2cc(F)ccc2[nH]1,Active,Inactive
Cc1ccc(NC(=O)Nc2cc(-c3ccccc3-c3nnn[nH]3)ccc2N(CC(C)C)CC(C)C)cc1,Active,Inactive
Cc1ccccc1NC(=O)c1c2c(n3ccccc13)C(=O)c1cccnc1C2=O,Inactive,Inactive
O=C([O-])c1cccc(NC(=O)c2c3c(n4ccccc24)C(=O)c2cccnc2C3=O)c1.[K+],Active,Inactive
O=C1c2cccnc2C(=O)c2c1c(C(=O)Nc1ccccc1)c1ccccn21,Active,Inactive
O=C([O-])c1cccc(NC(=O)c2c3c(n4ccccc24)C(=O)c2ncccc2C3=O)c1.[K+],Active,Inactive
NC(=S)NNC(=O)c1c2c(n3ccccc13)C(=O)c1ncccc1C2=O,Active,Inactive
CN(C)CCNC(=O)c1c2c(n3ccccc13)C(=O)c1cccnc1C2=O,Inactive,Inactive
O=C1c2ncccc2C(=O)c2c1c(C(=O)Nc1ccccc1)c1ccccn21,Active,Inactive
Cc1ccccc1NC(=O)c1c2c(n3ccccc13)C(=O)c1ncccc1C2=O,Active,Inactive
Nc1sc2ccccc2c1Sc1cccc(Cl)c1,Inactive,Inactive
CNC(=O)c1cc(-c2nccc3c(Nc4ccc(F)c(C(F)(F)F)c4)c(N)oc23)ccn1,Active,Inactive
Cc1cc(-c2cccc3c(Nc4cccc(Cl)c4)c(N)sc23)ccn1,Active,Active
Nc1oc2c(-c3ccccc3Cl)nccc2c1Nc1ccc(F)c(F)c1,Active,Active
C#Cc1cc(Nc2c(N)oc3c(-c4ccncc4)nccc23)ccc1F,Active,Active
COc1cc2c(Nc3ccc(F)c(Cl)c3)c(N)oc2cn1,Active,Active
Nc1oc2cnccc2c1Nc1ccc(F)cc1,Active,Active
Cc1cc(Cl)cc(Nc2c(N)oc3cnccc23)c1,Active,Active
Nc1sc2ccccc2c1Nc1ccccc1,Active,Active
Nc1oc2cnc(F)cc2c1Nc1ccc(F)c(C(F)(F)F)c1,Active,Active
CC(C)Oc1cccc(Nc2c(N)oc3cnccc23)c1,Inactive,Inactive
Cc1ccc(Nc2c(N)oc3cnccc23)cc1C,Active,Active
Nc1oc2c[n+]([O-])ccc2c1Nc1ccc(F)c(Cl)c1,Active,Active
Nc1oc2cnccc2c1Nc1cccnc1,Inactive,Active
Cc1cc(Nc2c(N)oc3cnccc23)ccc1F,Active,Active
Nc1oc2c(-c3ccc4ccccc4c3)nccc2c1Nc1ccc(F)c(Cl)c1,Active,Inactive
O=C1c2ccccc2C(=O)c2c1ncn2Cc1cccc(Cl)c1,Inactive,Inactive
COc1ccccc1-c1nccc2c(Nc3ccc(F)c(F)c3)c(N)oc12,Active,Active
N#Cc1ccc2c(Nc3cccc(C(F)(F)F)c3)c(N)oc2c1,Active,Active
Nc1sc2ccccc2c1Nc1cccc(C(F)(F)F)c1,Active,Inactive
CCOC(=O)Nc1oc2c(C#N)nccc2c1N(C(=O)OCC)c1ccc(F)c(C(F)(F)F)c1,Inactive,Inactive
Nc1oc2cnc(F)cc2c1Nc1cccc(C(F)(F)F)c1,Active,Active
Nc1oc2cncc(Cl)c2c1Nc1ccc(Cl)c(F)c1,Inactive,Active
Nc1sc2ccc(Cl)cc2c1Nc1ccccc1,Active,Inactive
CC(C)(C)c1cccc(Nc2c(N)oc3cnccc23)c1,Inactive,Inactive
Nc1oc2cnccc2c1Nc1ccc2c(c1)CCCC2,Inactive,Inactive
Cc1cccc(Nc2c(N)oc3cc(C#N)ccc23)c1,Active,Inactive
Nc1oc2c(-c3ccc4c(c3)OCO4)nccc2c1Nc1ccc(F)c(Cl)c1,Active,Active
Nc1sc2c(-c3ccccc3)cccc2c1Nc1ccc(F)c(Cl)c1,Active,Inactive
Nc1oc2cnccc2c1Nc1cccc(C(F)(F)F)c1,Active,Active
Cl.Nc1sc2ccc(Cl)cc2c1Nc1cccc(C(F)(F)F)c1,Active,Active
Cc1ncc(C)c2c(Nc3ccc(F)c(Cl)c3)c(N)oc12,Active,Active
Cc1ccc(Nc2c(N)oc3cnccc23)cc1Br,Active,Active
CCCNC(=O)c1cc(-c2nccc3c(Nc4ccc(F)c(Cl)c4)c(N)oc23)ccn1,Active,Inactive
CCOC(=O)Nc1oc2c(-c3cc(C)nc(C)c3)nccc2c1Nc1ccc(F)c(Cl)c1,Inactive,Inactive
C#Cc1cccc(Nc2c(N)sc3ccccc23)c1,Active,Inactive
Cc1cc(-c2nc(F)cc3c(Nc4ccc(F)c(Cl)c4)c(N)oc23)ccn1,Active,Active
Nc1sc2ccccc2c1Nc1ccc(F)c(F)c1,Active,Active
Nc1oc2c(-c3ccncc3)nccc2c1Nc1ccc(F)c(F)c1,Active,Active
CC(=O)N[C@@H](CC1C(=O)Nc2ccccc21)C(=O)O,Active,Inactive
C#Cc1cccc(Nc2c(N)oc3c(C)nccc23)c1,Active,Active
CCOC(=O)Nc1oc2c(-c3ccncc3)nccc2c1N(C(=O)OCC)c1ccc(F)c(C(F)(F)F)c1,Inactive,Inactive
CC(=O)CC(=O)/C=C1\C(=O)Nc2ccc(Cl)cc21,Active,Inactive
Nc1oc2cnccc2c1Nc1ccc(F)c(C(F)(F)F)c1,Active,Active
N#Cc1nccc2c(Nc3ccc(F)c(F)c3)c(N)oc12,Active,Active
Cc1cc(-c2cccc3c(Nc4ccc(F)c(Cl)c4)c(N)oc23)ccn1,Active,Inactive
Nc1oc2c(-c3ccncc3)nccc2c1Nc1ccc(F)c(Cl)c1,Active,Active
Nc1oc2cnccc2c1Nc1ccc(C(F)(F)F)cc1,Inactive,Active
Nc1sc2ccccc2c1Nc1cccc(Cl)c1,Active,Active
Nc1oc2c(-c3ccncc3)nccc2c1Nc1ccc(F)c(C(F)(F)F)c1,Active,Active
Nc1sc2c(-c3ccncc3)cccc2c1Nc1ccc(F)c(Cl)c1,Active,Active
Nc1sc2ccc(Cl)cc2c1Nc1ccc(F)c(C(F)(F)F)c1,Active,Inactive
Nc1oc2cnccc2c1Nc1ccc(F)c(F)c1,Active,Active
CCc1nccc2c(Nc3ccc(F)c(Cl)c3)c(N)oc12,Active,Active
Nc1sc2ccccc2c1Nc1ccc(F)cc1,Active,Inactive
Cc1cc(-c2nccc3c(Nc4ccc(F)c(Cl)c4)c(N)oc23)cc(C)n1,Active,Inactive
N#Cc1ccc2c(Nc3ccc(F)c(Cl)c3)c(N)sc2c1,Inactive,Inactive
Nc1sc2cnc(F)cc2c1Nc1ccc(F)c(F)c1,Active,Active
Cc1cc(-c2nccc3c(Nc4cccc(F)c4)c(N)oc23)ccn1,Active,Active
Nc1oc2cnccc2c1Nc1cccc2c1CCCC2,Inactive,Inactive
Nc1oc2c(-c3cc(F)cc(F)c3)nccc2c1Nc1ccc(F)c(Cl)c1,Active,Active
Cc1cc(-c2nccc3c(Nc4ccccc4Cl)c(N)oc23)ccn1,Active,Active
Cc1cc(-c2nccc3c(Nc4ccccc4N4CCCCC4)c(N)oc23)ccn1,Inactive,Inactive
Cc1cc(C)cc(Nc2c(N)oc3cnccc23)c1,Active,Active
CCCCCNC(=O)c1cc(-c2nccc3c(Nc4ccc(F)c(Cl)c4)c(N)oc23)ccn1,Active,Inactive
N#Cc1nccc2c(Nc3cc(F)cc(F)c3)c(N)oc12,Inactive,Active
COc1cc2c(Nc3ccc(F)c(Cl)c3)c(N)oc2c(-c2ccc(C#N)cc2)n1,Active,Inactive
Nc1oc2c(-c3ccncc3)nccc2c1Nc1cccc(C(F)(F)F)c1,Active,Active
Cc1cc(-c2nc(F)cc3c(Nc4ccc(F)c(F)c4)c(N)oc23)ccn1,Active,Active
Nc1oc2c(-c3ccncc3)nccc2c1Nc1cc(F)cc(F)c1,Active,Active
CNC(=O)c1cc(-c2nccc3c(Nc4ccc(F)c(Cl)c4)c(N)oc23)ccn1,Active,Active
Nc1oc2cnccc2c1Nc1ccc(I)c(Cl)c1,Inactive,Active
CC(C)(C)c1cc(Nc2c(N)oc3cnccc23)cc(C(C)(C)C)c1,Inactive,Active
Cc1ccc2sc(N)c(Nc3ccc(F)c(F)c3)c2c1,Active,Inactive
O=C1c2cccnc2C(=O)c2sc(-c3cscn3)nc21,Active,Active
Nc1oc2cnccc2c1Nc1ccc(F)c(OC(F)(F)F)c1,Active,Inactive
C#Cc1cccc(Nc2c(N)oc3cnccc23)c1,Active,Active
Cc1ccccc1Cn1cnc2c1C(=O)c1ccccc1C2=O,Inactive,Inactive
CNC(=O)c1cc(-c2nccc3c(Nc4ccc(F)cc4)c(N)oc23)ccn1,Active,Active
Nc1oc2cnccc2c1Nc1ccc(Cl)c(Cl)c1,Active,Active
Nc1oc2c(-c3cc(F)ccc3Cl)nccc2c1Nc1ccc(F)c(Cl)c1,Active,Active
O=C1c2ncccc2C(=O)c2sc(-c3ccncc3)nc21,Active,Active
Nc1oc2c(-c3cccc4ccccc34)nccc2c1Nc1ccc(F)c(Cl)c1,Active,Active
CCOC(=O)Nc1oc2c(-c3cccc(C#N)c3)nccc2c1N(C(=O)OCC)c1ccc(F)c(Cl)c1,Inactive,Inactive
Nc1oc2c(N3CCOCC3)nccc2c1Nc1ccc(F)c(Cl)c1,Active,Active
Nc1oc2cnc(F)cc2c1Nc1ccc(F)c(Cl)c1,Active,Active
Nc1sc2ccccc2c1Nc1ccc(Br)c(C(F)(F)F)c1,Active,Inactive
CC(F)(F)c1cc(Nc2c(N)oc3cnccc23)ccc1F,Active,Inactive
Nc1oc2cnccc2c1Nc1ccc(Cc2ccccc2)cc1,Inactive,Active
Nc1oc2c(-c3ccncc3)nc(F)cc2c1Nc1ccc(F)c(Cl)c1,Active,Active
Cc1cc(-c2nccc3c(Nc4ccc(F)c(Cl)c4)c(N)oc23)ccn1,Active,Active
CNC(=O)c1cc(-c2nccc3c(Nc4ccc(F)c(F)c4)c(N)oc23)ccn1,Active,Active
CCc1cccc(Nc2c(N)oc3cnccc23)c1,Active,Inactive
Cc1cc(Nc2c(N)oc3cnccc23)ccc1Cl,Active,Active
Nc1oc2c(-c3ccc(F)cc3)nccc2c1Nc1ccc(F)c(Cl)c1,Active,Active
CCOC(=O)Nc1oc2c(-c3ccnc(C)c3)nccc2c1N(C(=O)OCC)c1ccc(F)c(F)c1,Inactive,Inactive
CCc1nccc2c(Nc3ccc(F)c(C(F)(F)F)c3)c(N)oc12,Active,Inactive
N#Cc1nccc2c(Nc3ccccc3Cl)c(N)oc12,Active,Inactive
COc1ccc(Cl)cc1Nc1c(N)oc2cnccc12,Active,Active
Nc1sc2ccccc2c1Nc1cccc(Br)c1,Active,Active
N[C@@H](CC1C(=O)Nc2ccccc21)C(=O)O,Inactive,Inactive
Nc1oc2cnccc2c1Nc1ccc(Oc2ccccc2)cc1,Inactive,Inactive
N#Cc1nccc2c(Nc3ccc(F)c(C(F)(F)F)c3)c(N)oc12,Active,Active
Nc1oc2cc([N+](=O)[O-])ccc2c1Nc1ccc(F)c(Cl)c1,Active,Active
CCOC(=O)Nc1oc2c(-c3ccc(C(N)=O)cc3)nccc2c1Nc1ccc(F)c(Cl)c1,Inactive,Inactive
C#Cc1cccc(Nc2c(N)oc3c(CC)nccc23)c1,Active,Active
CCc1ccccc1Nc1c(N)sc2ccccc12.Cl,Inactive,Inactive
Nc1oc2c(/C=C/c3ccccc3)nccc2c1Nc1ccc(F)c(Cl)c1,Active,Active
Nc1oc2cnccc2c1Nc1cccc(Cc2ccccc2)c1,Inactive,Inactive
Nc1oc2cnccc2c1Nc1ccccc1Cl,Inactive,Inactive
Cc1cc(Br)ccc1Nc1c(N)sc2ccccc12,Inactive,Inactive
COc1cc(-c2nccc3c(Nc4ccc(F)c(Cl)c4)c(N)oc23)ccn1,Active,Active
Cc1cc(C)cc(-c2nccc3c(Nc4ccc(F)c(Cl)c4)c(N)oc23)c1,Active,Active
CC(C)c1nccc2c(Nc3ccc(F)c(Cl)c3)c(N)oc12,Active,Active
CNC(=O)c1cc(-c2nccc3c(Nc4cccc(C(F)(F)F)c4)c(N)oc23)ccn1,Active,Inactive
COc1cc2c(Nc3ccc(F)c(Cl)c3)c(N)oc2c(I)n1,Active,Inactive
Nc1oc2c(N(c3ccccc3)c3ccccc3)nccc2c1Nc1ccc(F)c(Cl)c1,Active,Inactive
Nc1oc2c(-c3ccnc(C(=O)Nc4ccccn4)c3)nccc2c1Nc1ccc(F)c(Cl)c1,Active,Inactive
Nc1oc2cnc(F)cc2c1Nc1ccccc1Cl,Active,Active
COc1cncc2oc(N)c(Nc3ccc(F)c(Cl)c3)c12,Active,Active
Nc1oc2c(C3CCCCC3)nccc2c1Nc1ccc(F)c(Cl)c1,Active,Active
O=C1c2ccccc2C(=O)c2c1nc(-c1ccncc1)n2Cc1cccc(Cl)c1,Inactive,Inactive
Nc1oc2cnccc2c1Nc1cccc(I)c1,Active,Active
Cc1cc(-c2nccc3c(Nc4cccc(Cl)c4)c(N)oc23)ccn1,Active,Active
Nc1oc2c(-c3ccncc3)nccc2c1Nc1cccc(Cl)c1,Active,Active
CCCCNC(=O)c1cc(-c2nccc3c(Nc4ccc(F)c(Cl)c4)c(N)oc23)ccn1,Active,Inactive
Nc1oc2c(-c3ccccc3)nccc2c1Nc1cccc(C(F)(F)F)c1,Active,Inactive
Cc1cc(-c2nccc3c(Nc4cc(Cl)ccc4F)c(N)oc23)ccn1,Active,Inactive
Nc1oc2c(-c3ccnc(C(=O)NCCN4CCOCC4)c3)nccc2c1Nc1ccc(F)c(Cl)c1,Active,Active
O=C1c2ccccc2C(=O)c2sc(-c3ccncc3)nc21,Active,Inactive
COc1cc2c(Nc3ccc(F)c(Cl)c3)c(N)oc2c(C)n1,Active,Active
Nc1oc2c(-c3ccncc3)nccc2c1Nc1ccccc1Cl,Active,Active
Nc1oc2c(I)nccc2c1Nc1ccc(F)c(Cl)c1,Active,Active
Nc1oc2cnccc2c1Nc1cc(F)c(F)c(Br)c1,Active,Inactive
CCc1nccc2c(Nc3cccc(C(F)(F)F)c3)c(N)oc12,Active,Active
O=C1Nc2ccccc2/C1=N/c1ccccc1Br,Inactive,Inactive
Nc1oc2cnccc2c1Nc1ccc(Cl)c(Cl)c1Cl,Inactive,Inactive
O=C(N[C@@H](CC1C(=O)Nc2ccccc21)C(=O)O)OCc1ccccc1,Inactive,Inactive
N#Cc1nccc2c(Nc3ccc(F)c(Cl)c3)c(NC(=O)OCc3ccccc3)oc12,Inactive,Active
Nc1oc2cnccc2c1Nc1ccc(Br)cc1,Inactive,Active
CCc1cc(-c2nccc3c(Nc4ccc(F)c(Cl)c4)c(N)oc23)ccn1,Active,Active
Cc1ccc2sc(N)c(Nc3ccc(F)c(Cl)c3)c2c1,Active,Inactive
Nc1oc2c(F)nccc2c1Nc1ccc(F)c(C(F)(F)F)c1,Active,Active
N#Cc1ccc(Nc2c(N)oc3cnccc23)cc1,Inactive,Active
O=C(NCCC1C(=O)Nc2ccccc21)OCc1ccccc1,Inactive,Inactive
Cc1cc(-c2cccc3c(Nc4ccccc4)c(N)sc23)ccn1,Active,Active
Nc1oc2cnccc2c1Nc1ccccc1,Active,Active
CCCc1nccc2c(Nc3ccc(F)c(Cl)c3)c(N)oc12,Active,Inactive
Nc1oc2c(-c3ccncc3)nc(F)cc2c1Nc1ccc(F)c(F)c1,Active,Active
N#Cc1ccc(-c2nccc3c(Nc4ccc(F)c(Cl)c4)c(N)oc23)cc1,Active,Active
COc1cccc(-c2nccc3c(Nc4ccc(F)c(Cl)c4)c(N)oc23)c1,Active,Active
CCOC(=O)Nc1oc2c(-c3ccnc(C)c3)nccc2c1N(C(=O)OCC)c1ccc(F)c(Cl)c1,Inactive,Inactive
CCCCOc1cc2c(Nc3ccc(F)c(Cl)c3)c(N)oc2c(-c2ccccc2)n1,Inactive,Inactive
N#Cc1nccc2c(Nc3ccc(F)c(Cl)c3)c(N)oc12,Active,Active
Cc1ccc(Nc2c(N)oc3cnccc23)cc1Cl,Active,Active
Nc1oc2c(-c3ccccc3)nc(Oc3ccccc3)cc2c1Nc1ccc(F)c(Cl)c1,Inactive,Inactive
N#Cc1ccc2c(Nc3ccccc3Cl)c(N)oc2c1,Inactive,Inactive
COc1cc2c(Nc3ccc(F)c(Cl)c3)c(N)oc2c(Br)n1,Active,Inactive
Nc1oc2cnccc2c1Nc1ccc(Cl)cc1,Inactive,Active
CCOC(=O)Nc1sc2ccccc2c1Nc1ccc(F)c(Cl)c1,Inactive,Inactive
Nc1oc2c(F)nc(F)cc2c1Nc1ccc(F)c(Cl)c1,Active,Active
CCOC(=O)Nc1oc2c(Br)nccc2c1N(C(=O)OCC)c1ccc(F)c(Cl)c1,Inactive,Inactive
Nc1oc2cnccc2c1Nc1ccc(F)c(Cl)c1,Active,Active
CC(=O)c1ccc(Nc2c(N)oc3cnccc23)cc1,Inactive,Active
Cn1cc(-c2nccc3c(Nc4ccc(F)c(Cl)c4)c(N)oc23)cn1,Active,Active
Nc1oc2c(-c3cccc(C(F)(F)F)c3)nccc2c1Nc1ccc(F)c(Cl)c1,Active,Inactive
Cc1coc2c1C(=O)C(=O)c1c-2ccc2c1C=CCC2(C)C,Inactive,Inactive
Nc1oc2c(-c3ccnc(C(F)(F)F)c3)nccc2c1Nc1ccc(F)c(Cl)c1,Active,Inactive
Cc1cc(-c2nc(F)cc3c(Nc4cccc(Cl)c4)c(N)oc23)ccn1,Active,Active
Cc1nccc2c(Nc3ccc(F)c(Cl)c3)c(N)oc12,Active,Active
COC(=O)c1cccc(Cn2cnc3c2C(=O)c2ccccc2C3=O)c1,Inactive,Inactive
Nc1oc2cnccc2c1Nc1ccc(F)c(Cl)c1Cl,Inactive,Inactive
Nc1oc2c(-c3ccncc3)nccc2c1Nc1ccc(F)cc1,Active,Active
Nc1sc2ccccc2c1Nc1ccc(F)c(Cl)c1,Active,Active
Nc1oc2cnccc2c1Nc1cccc(C2CCCCC2)c1,Inactive,Active
Nc1oc2c(-c3cccc(Cl)c3)nccc2c1Nc1ccc(F)c(Cl)c1,Active,Inactive
Nc1oc2cnccc2c1Nc1ccc2c(c1)OCO2,Active,Active
CC(C)Oc1cc2c(Nc3ccc(F)c(Cl)c3)c(N)oc2c(-c2ccccc2)n1,Inactive,Inactive
Cl.Nc1sc2c(Br)cccc2c1Nc1ccc(F)c(Cl)c1,Active,Active
CCOC(=O)Nc1oc2c(C#N)nccc2c1N(C(=O)OCC)c1ccc(F)c(Cl)c1,Inactive,Inactive
CCOC(=O)Nc1oc2cnccc2c1N(C(=O)OCC)c1ccc(F)c(Cl)c1,Inactive,Inactive
COC(=O)c1ccc(-c2nccc3c(Nc4ccc(F)c(Cl)c4)c(N)oc23)cc1,Active,Active
CCOC(=O)Nc1oc2c(-c3ccccc3)nccc2c1Nc1ccc(F)c(Cl)c1,Inactive,Inactive
N#Cc1cccc(Nc2c(N)oc3cnccc23)c1F,Inactive,Inactive
Nc1oc2c(-c3ccnc(C(=O)Nc4ccccc4)c3)nccc2c1Nc1ccc(F)c(Cl)c1,Active,Inactive
Nc1sc2ccccc2c1Nc1ccc2c(c1)OCO2,Active,Inactive
Cc1ncc(CO)c2c(Nc3ccc(F)c(Cl)c3)c(N)oc12,Inactive,Inactive
Nc1oc2cnccc2c1Nc1ccccc1N1CCCCC1,Inactive,Inactive
Nc1oc2c(Br)nccc2c1Nc1ccc(F)c(Cl)c1,Active,Active
O=C1c2cccnc2C(=O)c2sc(-c3ccncc3)nc21,Active,Inactive
Nc1oc2cnccc2c1Nc1cccc(Cl)c1,Active,Active
Nc1oc2cnccc2c1Nc1ccc(F)c(Cl)c1F,Active,Active
COc1cc2c(Nc3ccc(F)c(Cl)c3)c(N)oc2c(-c2ccc(C(N)=O)cc2)n1,Active,Inactive
COc1ccc(Nc2c(N)oc3cnccc23)c(OC)c1,Inactive,Inactive
Nc1oc2cnccc2c1Nc1cccc(CC2CC2)c1,Active,Inactive
Nc1oc2c(-c3ccnc(C(=O)NC4CCCCC4)c3)nccc2c1Nc1ccc(F)c(Cl)c1,Active,Inactive
CC(C)(C)Oc1cc2c(Nc3ccc(F)c(Cl)c3)c(N)oc2c(-c2ccccc2)n1,Inactive,Active
CCCc1nccc2c(Nc3ccc(F)c(C(F)(F)F)c3)c(N)oc12,Active,Active
COc1cccc(Nc2c(N)sc3ccccc23)c1,Active,Active
CC(=O)/C=C1\C(=O)Nc2ccc(Cl)cc21,Active,Inactive
N#Cc1ccc2c(Nc3cccc(Br)c3)c(N)oc2c1,Active,Active
COC(=O)Nc1oc2cnccc2c1Nc1ccc(F)c(Cl)c1,Inactive,Inactive
Nc1oc2cnc(F)cc2c1Nc1cccc(Cl)c1,Active,Active
Cc1coc2c1c(=O)oc(=O)c1c3c(ccc12)C(C)(C)CCC3,Inactive,Inactive
Cc1ccc(S(=O)(=O)N/N=C2\C(=O)Nc3ccccc32)cc1,Inactive,Inactive
COC(=O)Nc1oc2cnccc2c1N(C(=O)OC)c1ccc(F)c(Cl)c1,Inactive,Inactive
COc1cc(Nc2c(N)oc3cnccc23)ccc1Cl,Active,Active
COc1cc2c(Nc3ccc(F)c(Cl)c3)c(N)oc2c(-c2ccc(F)cc2)n1,Active,Active
Nc1oc2cnccc2c1Nc1cccc(-c2ccccc2)c1,Inactive,Inactive
Cc1cc(-c2nccc3c(Nc4cccc(Cl)c4F)c(N)oc23)ccn1,Active,Inactive
CNC(=O)c1cc(-c2nccc3c(Nc4cccc(Cl)c4)c(N)oc23)ccn1,Active,Active
Nc1oc2cnccc2c1Nc1ccc(F)cc1Br,Active,Inactive
Nc1oc2cnc(Cl)cc2c1Nc1ccc(F)c(Cl)c1,Active,Active
CCCc1nccc2c(Nc3cccc(C(F)(F)F)c3)c(N)oc12,Active,Inactive
Nc1oc2cnccc2c1Nc1ccc(OC(F)(F)F)cc1,Inactive,Active
Cl.Nc1sc2ccccc2c1Oc1cccc(Cl)c1,Inactive,Inactive
Cc1cc(-c2nc(C)cc3c(Nc4ccc(F)c(Cl)c4)c(N)oc23)ccn1,Active,Inactive
CC(C)(C)NC(=O)c1cc(-c2nccc3c(Nc4ccc(F)c(Cl)c4)c(N)oc23)ccn1,Active,Inactive
Cc1cccc(Nc2c(N)sc3ccccc23)c1C,Active,Active
CCc1cc2c(Nc3ccc(F)c(Cl)c3)c(N)oc2c(-c2ccccc2)n1,Active,Inactive
CNC(=O)c1cc(-c2nccc3c(Nc4ccccc4Cl)c(N)oc23)ccn1,Active,Active
Nc1sc2ccc(Br)cc2c1Nc1ccc(F)c(Cl)c1,Active,Inactive
Nc1oc2c(-c3ccnc(C(=O)N4CCOCC4)c3)nccc2c1Nc1ccc(F)c(Cl)c1,Active,Active
Nc1oc2cnccc2c1Nc1ccc(F)cc1Cl,Inactive,Active
Nc1oc2c(F)nccc2c1Nc1ccc(F)c(Cl)c1,Active,Active
Nc1oc2cnc(F)cc2c1Nc1ccc(F)cc1,Active,Active
N#Cc1cccc(Nc2c(N)oc3cnccc23)c1,Inactive,Inactive
O=C1c2ncccc2C(=O)c2sc(-c3cscn3)nc21,Active,Active
CCOC(=O)Nc1oc2cnccc2c1Nc1ccc(F)c(Cl)c1,Inactive,Inactive
Cl.Nc1sc2ccc(Cl)cc2c1Nc1ccc(F)c(Cl)c1,Active,Inactive
O=C(O)c1cccc(Cn2cnc3c2C(=O)c2ccccc2C3=O)c1,Inactive,Inactive
Cc1ccc(Nc2c(N)oc3cnccc23)cc1,Inactive,Active
Nc1oc2cnccc2c1Nc1cc(Cl)c(F)cc1F,Active,Inactive
Cc1cc(-c2cccc3c(Nc4ccc(F)cc4)c(N)sc23)ccn1,Active,Active
CC(C)CNC(=O)c1cc(-c2nccc3c(Nc4ccc(F)c(Cl)c4)c(N)oc23)ccn1,Active,Inactive
CC(C)c1cccc(Nc2c(N)oc3cnccc23)c1,Active,Inactive
CCOC(=O)Nc1oc2c(I)nccc2c1N(C(=O)OCC)c1ccc(F)c(Cl)c1,Inactive,Inactive
Nc1oc2cnccc2c1Nc1cccc(CC2CCC2)c1,Inactive,Inactive
Nc1oc2c(-c3ccnc(C(=O)N4CCCCC4)c3)nccc2c1Nc1ccc(F)c(Cl)c1,Active,Active
Nc1sc2ccccc2c1Nc1cccc(F)c1,Active,Active
Nc1oc2cnccc2c1Nc1cc(Cl)c(F)c(Cl)c1,Inactive,Active
O=C(Nc1oc2cnccc2c1Nc1ccc(F)c(Cl)c1)OCc1ccccc1,Inactive,Active
Nc1oc2c(-c3cccnc3)nccc2c1Nc1ccc(F)c(Cl)c1,Active,Active
Nc1sc2cnccc2c1Nc1ccc(F)c(Cl)c1,Inactive,Inactive
COc1ccccc1-c1nccc2c(Nc3ccc(F)c(Cl)c3)c(N)oc12,Active,Active
Nc1oc2c(-c3cc(Cl)cc(Cl)c3)nccc2c1Nc1ccc(F)c(Cl)c1,Active,Inactive
Nc1sc2ccccc2c1Nc1ccc(F)c(C(F)(F)F)c1,Active,Inactive
CCOc1cc2c(Nc3ccc(F)c(Cl)c3)c(N)oc2c(-c2ccccc2)n1,Inactive,Inactive
Cc1ccccc1Cn1c(-c2ccncc2)nc2c1C(=O)c1ccccc1C2=O,Inactive,Inactive
CCOC(=O)Nc1oc2c(C#Cc3ccc(C(N)=O)cc3)nccc2c1N(C(=O)OCC)c1ccc(F)c(Cl)c1,Inactive,Inactive
Nc1sc2ccc(Cl)cc2c1Nc1ccc(F)cc1,Active,Active
Nc1oc2cnccc2c1Nc1cccc(C2CC2)c1,Active,Inactive
O=C1c2ccccc2C(=O)c2[nH]c(-c3cscn3)nc21,Active,Active
Cc1ccc(Nc2c(N)oc3cnccc23)c(C)c1,Inactive,Active
CCOC(=O)C(C(=O)OCC)=C1C(=O)Nc2ccccc21,Inactive,Inactive
Cc1cc(-c2nccc3c(Nc4ccc(F)cc4F)c(N)oc23)ccn1,Active,Active
CCOC(=O)Nc1oc2c(-c3cc(C)nc(C)c3)nccc2c1N(C(=O)OCC)c1ccc(F)c(Cl)c1,Inactive,Inactive
CN(c1ccccc1)c1c(N)sc2ccccc12.Cl,Inactive,Inactive
Nc1oc2cnccc2c1Nc1cccc(F)c1,Active,Active
O=C1Nc2ccccc2/C1=N/Nc1ccccc1C(F)(F)F,Inactive,Inactive
Cc1cc(-c2nccc3c(Nc4ccccc4)c(N)oc23)ccn1,Active,Active
Nc1oc2c(-c3ccccc3Cl)nccc2c1Nc1ccc(F)c(Cl)c1,Active,Active
Cc1cc(-c2nccc3c(Nc4cccc(C(F)(F)F)c4)c(N)oc23)ccn1,Active,Active
CC(C)(C)c1cc(-c2nccc3c(Nc4ccc(F)c(Cl)c4)c(N)oc23)ccn1,Active,Inactive
Nc1oc2c(-c3ccccc3)nccc2c1Nc1ccc(F)c(Cl)c1,Active,Active
Nc1sc2ccccc2c1Nc1ccc(Cl)c(C(F)(F)F)c1,Active,Inactive
Nc1oc2c(-c3cc(F)nc(F)c3)nccc2c1Nc1ccc(F)c(Cl)c1,Active,Active
Nc1oc2cnccc2c1Nc1ccc(F)c(Br)c1,Active,Active
NC(=O)c1ccc(-c2nccc3c(Nc4ccc(F)c(Cl)c4)c(N)oc23)cc1,Active,Active
Nc1oc2cnccc2c1Nc1cc(Cl)ccc1Cl,Active,Inactive
Cc1cc(-c2nccc3c(Nc4ccc(F)c(F)c4)c(N)oc23)ccn1,Active,Active
Nc1oc2cnccc2c1Nc1ccc(Cl)cc1Cl,Inactive,Inactive
C#Cc1cc(Nc2c(N)oc3c(-c4ccccc4)nccc23)ccc1F,Active,Active
CC(=O)CC(=O)CC1(O)C(=O)Nc2ccccc21,Active,Inactive
Nc1oc2c(Cl)nccc2c1Nc1ccc(F)c(Cl)c1,Active,Active
Nc1oc2cnccc2c1Nc1cccc(C(F)F)c1,Active,Active
Nc1oc2cnccc2c1Nc1ccc(N2CCOCC2)cc1,Inactive,Inactive
Nc1oc2cnccc2c1Nc1cncc(Cl)c1,Inactive,Active
Cc1cc(-c2nccc3c(Nc4ccc(F)cc4)c(N)oc23)ccn1,Active,Active
C#Cc1ccc(Nc2c(N)oc3cnccc23)cc1,Inactive,Active
Cc1cc(-c2nc(F)cc3c(Nc4ccc(F)cc4)c(N)oc23)ccn1,Active,Active
Nc1oc2cnccc2c1Nc1cc(F)c(F)cc1F,Inactive,Inactive
Cc1nccc2c(Nc3cccc(C(F)(F)F)c3)c(N)oc12,Active,Inactive
Cl.Nc1sc2ccccc2c1Sc1cccc(Cl)c1,Inactive,Inactive
Cc1cc(-c2nccc3c(Nc4ccc(F)c(C(F)(F)F)c4)c(N)oc23)ccn1,Active,Active
Oc1ccc(/N=N/c2nccs2)c(O)c1,Inactive,Inactive
Cl/N=C1/C=CC=C/C1=N/Cl,Inactive,Inactive
Oc1c(/N=N/c2nnn[nH]2)ccc2ccccc12,Inactive,Inactive
NS(=O)(=O)c1ccc(/N=N/c2ccc(O)[nH]c2=O)cc1,Inactive,Inactive
O=C1c2ccccc2C(=O)c2c1nnn2-c1ccccc1,Active,Active
O=C1c2cc([N+](=O)[O-])ccc2-n2c1nc1ccccc1c2=O,Inactive,Active
Fc1cccc2c1C(C1CCN(c3ccc(N4CCOCC4)cc3)CC1)n1cncc1-2,Active,Inactive
Fc1cccc2c1C(C1CCN(c3ccc(-c4cccnc4)cc3)CC1)n1cncc1-2,Active,Active
COc1ccccc1C(ON)c1ccccc1.Cl,Inactive,Inactive
O=C1c2cc(F)ccc2-n2c1nc1ccc(CN3CCNCC3)cc1c2=O,Active,Active
COP(C)(=O)NCCCCNc1nonc1/C(=N/O)Nc1ccc(F)c(Br)c1,Active,Inactive
CN1CCN(Cc2ccc3nc4n(c(=O)c3c2)-c2ccc(F)cc2C4=O)CC1,Active,Active
Cc1ccc(C(ON)c2ccc(Cl)cc2)c(O)c1.Cl,Inactive,Inactive
O[C@@H]1c2ccnn2CC[C@H]1[C@H]1c2ccccc2-c2cncn21,Inactive,Active
Cl.NOC(c1ccccc1)c1ccc(O)cc1,Inactive,Inactive
Cl.NOC(c1ccc(Cl)cc1)c1ccc(Cl)cc1,Inactive,Inactive
Cl.NOC(c1ccccc1)c1cc(C(F)(F)F)cc(C(F)(F)F)c1,Inactive,Inactive
Fc1cccc2c1C(C1CCN(c3nccs3)CC1)n1cncc1-2,Active,Active
Cc1cc(N2CCC(C3c4c(F)cccc4-c4cncn43)CC2)ccc1-c1cnn(C)c1,Active,Active
Cl.NOC(CCc1cccc(Cl)c1)c1ccccc1,Inactive,Inactive
Cn1cc(-c2ccc(N3CCC(C4c5c(F)cccc5-c5cncn54)CC3)cc2F)cn1,Active,Active
Cl.NOC(c1ccccc1)c1ccccc1F,Inactive,Inactive
Cl.NOC(c1ccccc1)c1ccccc1Br,Inactive,Inactive
CN(C)Cc1ccc2nc3n(c(=O)c2c1)-c1ccc(F)cc1C3=O,Active,Active
Cl.NOC(CCc1ccccc1)c1ccccc1F,Inactive,Inactive
Fc1cccc2c1C(C1CCNCC1)n1cncc1-2,Inactive,Inactive
Cn1cc(-c2ccc(N3CCC(C4c5c(F)cccc5-c5cncn54)CC3)cc2)cn1,Active,Active
N#Cc1ccc(N2CCC(C3c4c(F)cccc4-c4cncn43)CC2)cc1,Active,Active
OCCC1c2ccccc2-c2cncn21,Inactive,Active
CN(C)c1ccc2nc3n(c(=O)c2c1)-c1ccc(F)cc1C3=O,Inactive,Active
Cl.NOC(c1ccccc1)c1cccc(Cl)c1Cl,Inactive,Inactive
Fc1cccc2c1C(C1CCN(c3ccccc3)CC1)n1cncc1-2,Active,Active
Cn1cc(-c2ccc(N3CCC(C4c5c(F)cccc5-c5cncn54)CC3)c(F)c2)cn1,Active,Active
O=C1c2cc(F)ccc2-n2c1nc1ccc(N3CCNCC3)cc1c2=O,Inactive,Active
CN1CCN(c2ccc3nc4n(c(=O)c3c2)-c2ccccc2C4=O)CC1,Inactive,Inactive
CCOP(=O)(CC)NCCNc1nonc1/C(=N/O)Nc1ccc(F)c(Br)c1,Active,Inactive
Cl.NOC(c1ccccc1)c1cc(Cl)cc(Cl)c1,Inactive,Inactive
COP(C)(=O)NCCNc1nonc1/C(=N/O)Nc1ccc(F)c(Br)c1,Active,Inactive
O=C(CNc1nonc1/C(=N/O)N[C@H]1Cc2ccc(F)cc21)NCCO,Active,Inactive
Cl.NOC(c1ccc(F)cc1)c1ccc(F)cc1,Inactive,Inactive
Cl.NOC(c1ccccc1)c1cccc(Br)c1,Active,Inactive
Cn1cc(-c2cnc(N3CCC(C4c5c(F)cccc5-c5cncn54)CC3)nc2)cn1,Active,Active
Cl.NOC(c1ccccc1)c1cccc(C(F)(F)F)c1,Inactive,Inactive
Cc1cc(-c2cnn(C)c2)ccc1N1CCC(C2c3c(F)cccc3-c3cncn32)CC1,Active,Active
Cn1cc(-c2ccc(N3CCC([C@H]4c5c(F)cccc5-c5cncn54)CC3)cc2)cn1,Active,Active
Cl.NOC(c1ccccc1)c1ccc(Cl)cc1,Inactive,Inactive
Fc1cccc2c1C(C1CCCC1)n1cncc1-2,Inactive,Active
Fc1cccc2c1C(c1ccccc1)n1cncc1-2,Inactive,Active
CN1CCN(c2ccc3nc4n(c(=O)c3c2)-c2ccc(F)cc2C4=O)CC1,Inactive,Inactive
Cl.NOC(c1ccccc1)c1ccccc1Cl,Inactive,Inactive
Cl.NOC(c1ccccc1)c1ccsc1,Inactive,Inactive
Cl.NOC(c1ccccc1)c1cccc(F)c1,Inactive,Inactive
CN1CCN(Cc2ccc3nc4n(c(=O)c3c2)-c2ccccc2C4=O)CC1,Inactive,Active
Fc1cccc2c1C(C1CCOCC1)n1cncc1-2,Inactive,Active
NS(=O)(=O)NCC(=O)NCCSc1nonc1/C(=N/O)Nc1ccc(F)c(C(F)F)c1,Active,Inactive
Fc1cccc2c1C(C1CCN(c3nc4ccccc4s3)CC1)n1cncc1-2,Active,Active
Cl.NOC(c1ccccc1)c1cccc(C(F)(F)F)c1F,Inactive,Inactive
Cl.NOC(c1ccccc1)c1ccc(Cl)c(Cl)c1,Inactive,Inactive
Fc1cccc2c1C(C1CCN(c3ccc(-c4ccncc4)cc3)CC1)n1cncc1-2,Active,Active
Cn1ccc2ccc(N3CCC(C4c5c(F)cccc5-c5cncn54)CC3)cc21,Active,Active
Fc1cccc(N2CCC(C3c4c(F)cccc4-c4cncn43)CC2)c1,Active,Active
Brc1cc(NCc2cccc3nonc23)c2cn[nH]c2c1,Inactive,Inactive
Fc1cccc2c1C(Cc1ccccc1)n1cncc1-2,Inactive,Active
Cl.NOC(c1ccccc1)c1cc(C(F)(F)F)ccc1F,Inactive,Inactive
CC(C)(C)OC(=O)N1CCN(Cc2ccc3nc4n(c(=O)c3c2)-c2ccc(F)cc2C4=O)CC1,Inactive,Active
Cl.NOC(c1ccccc1)c1ccc(Cl)cc1Cl,Inactive,Inactive
O=C1c2cc(F)ccc2-n2c1nc1ccc(N3CCCCC3)cc1c2=O,Inactive,Inactive
Cl.NOC(c1ccccc1)c1cc(F)cc(F)c1,Active,Inactive
NS(=O)(=O)CC(=O)NCCSc1nonc1/C(=N/O)Nc1cccc(Cl)c1,Active,Inactive
Cl.NOC(c1ccccc1)c1ccc(F)cc1F,Inactive,Inactive
Cn1cc(-c2cccc(N3CCC(C4c5c(F)cccc5-c5cncn54)CC3)c2)cn1,Active,Active
Fc1cccc2c1C(C1CCCCC1)n1cncc1-2,Active,Active
O=C1c2cc(F)ccc2-n2c1nc1ccc(CN3CCOCC3)cc1c2=O,Active,Active
C[C@H](C(=O)Nc1ccc(F)cc1)C12CC(NC(=O)c3cccc(Cl)c3)(C1)C2,Active,Inactive
O=C1c2cc(F)ccc2-n2c1nc1ccc(CN3CCCC(C(=O)O)C3)cc1c2=O,Active,Active
O=C1c2cc(F)ccc2-n2c1nc1ccc(B(O)O)cc1c2=O,Inactive,Inactive
O=C1c2ccccc2C(=O)c2c1nnn2-c1ccc(Cl)nc1,Active,Active
O=Cc1ccc2nc3n(c(=O)c2c1)-c1ccc(F)cc1C3=O,Active,Active
COC(=O)C1CCCN(Cc2ccc3nc4n(c(=O)c3c2)-c2ccc(F)cc2C4=O)C1,Active,Inactive
CC1(C)OB(c2ccc3nc4n(c(=O)c3c2)-c2ccc(F)cc2C4=O)OC1(C)C,Inactive,Inactive
O=C1c2cc(F)ccc2-n2c1nc1ccc(Cn3ccnn3)cc1c2=O,Inactive,Inactive
C[C@H](C(=O)Nc1ccc(F)cc1)C12CC(NC(=O)c3ccc(F)c(F)c3)(C1)C2,Active,Inactive
COC(=O)C1CCN(Cc2ccc3nc4n(c(=O)c3c2)-c2ccc(F)cc2C4=O)CC1,Inactive,Active
O=C(O)/C=C/c1ccc2nc3n(c(=O)c2c1)-c1ccc(F)cc1C3=O,Active,Active
COC(=O)C1CCCN1Cc1ccc2nc3n(c(=O)c2c1)-c1ccc(F)cc1C3=O,Active,Active
O=C1c2cc(F)ccc2-n2c1nc1ccc(CN3CCC(C(=O)O)CC3)cc1c2=O,Inactive,Active
O=C1c2cc(F)ccc2-n2c1nc1ccc(CN3CCCC3C(=O)O)cc1c2=O,Inactive,Active
CCOC(=O)/C=C/c1ccc2nc3n(c(=O)c2c1)-c1ccc(F)cc1C3=O,Active,Active
O=C(O)c1cccc(-n2nnc3c2C(=O)c2ccccc2C3=O)c1,Active,Active
O=C(/C(=N/O)Nc1ccc(F)c(Br)c1)c1ccco1,Inactive,Inactive
O=C(Nc1ccc(Cl)cc1F)C(=O)N1CCC(c2ccnc3ccc(F)cc23)CC1,Active,Inactive
NS(=O)(=O)c1ccc(-n2nnc3c2C(=O)c2ccccc2C3=O)cc1,Active,Active
O=C1c2ccccc2C(=O)c2c1nnn2-c1ccc([N+](=O)[O-])cc1,Active,Active
O=[N+]([O-])c1ccc(N/C(Cc2ccc(F)cc2F)=N\O)c2nonc12,Active,Inactive
C[C@H](C(=O)Nc1ccc(Cl)cc1)[C@H]1CC[C@@]2(CC1)COc1cc(C(F)(F)F)ccc12,Active,Inactive
O=C(CN1CCC2(CC1)COc1cc(C(F)(F)F)ccc12)Nc1ccc(Cl)cc1,Active,Inactive
CC(=O)Nc1cc(Nc2ccc(F)c(-c3ccsc3)c2)c2cc(C(=O)O)[nH]c2c1,Inactive,Inactive
CC(=O)Nc1cc(Nc2ccc(F)nc2)c2cc(C(=O)O)[nH]c2c1,Inactive,Inactive
C[C@H](C(=O)Nc1ccc(Cl)cc1)[C@H]1CC[C@]2(CC1)COc1ncc(C(F)(F)F)cc12,Active,Inactive
CCC(C(=O)Nc1ccc(Cl)cc1)N1CCC2(CCOc3cc(C(F)(F)F)ccc32)CC1,Active,Inactive
O=C(Nc1ccc(Cl)cc1)C(=O)N1CCC2(CC1)COc1cc(C(F)(F)F)ccc12,Active,Inactive
CC(=O)Nc1cc(Nc2ccc(F)c(C)c2)c2cc(C(=O)O)[nH]c2c1,Inactive,Inactive
O=C(Nc1ccc(Cl)cc1)C(CC1CC1)N1CCC2(CC1)COc1cc(C(F)(F)F)ccc12,Active,Inactive
C[C@H](C(=O)Nc1ccc(Cl)cc1)[C@H]1CC[C@]2(CC1)COc1nc(C(F)(F)F)ccc12,Active,Inactive
O=C(Nc1ccc(Cl)cc1)C(=O)N1CCC(c2ccnc3ccc(F)cc23)CC1,Inactive,Inactive
CC(=O)Nc1cc(Nc2ccc(F)c(OCC(F)(F)F)c2)c2cc(C(=O)O)[nH]c2c1,Inactive,Inactive
O=C1c2ccc(O)cc2C(=O)c2c1nnn2-c1ccc(F)c(Cl)c1,Active,Active
O=C(/C(=N/O)Nc1ccc(F)c(Br)c1)C1CCN(S(=O)(=O)Nc2ccccc2)CC1,Active,Inactive
O=C(Nc1ccc(Cl)cc1)C(=O)N1CCC(c2ccnc3ccc(Cl)cc23)CC1,Active,Inactive
CCNC1=C/C(=N\c2ccc(F)c(Cl)c2)c2cc(C(=O)O)[nH]c2C1=O,Active,Active
Cn1cc(-c2ccc(NC(=O)N3CCC(C(=O)/C(=N/O)Nc4ccc(F)c(Br)c4)CC3)cc2)cn1,Active,Inactive
O=[N+]([O-])c1ccc(N/C(Cc2ccc(F)cc2)=N\O)c2nonc12,Active,Inactive
O=C1c2ccccc2C(=O)c2c1nnn2-c1ccc(Cl)c([N+](=O)[O-])c1,Active,Active
COc1ccc2c(c1)C(=O)c1c(nnn1-c1ccc(F)c(Cl)c1)C2=O,Inactive,Inactive
O=C(/C(=N/O)Nc1ccc(F)c(Br)c1)C1CCN(C(=O)NCc2ccccc2)CC1,Active,Inactive
O=[N+]([O-])c1ccc(N/C(Cc2ccccc2F)=N\O)c2nonc12,Active,Inactive
O=C1c2ccccc2C(=O)c2c1nnn2-c1ccc(F)cc1,Active,Active
COc1cc(Nc2cc(NC(C)=O)cc3[nH]c(C(=O)O)cc23)cc(OC)c1OC,Inactive,Inactive
Cc1cc(Nc2ccc(F)c(Cl)c2)c2cc(C(=O)O)[nH]c2c1,Inactive,Inactive
O=C1c2ccccc2C(=O)c2c1nnn2-c1cccc(Cl)c1,Active,Active
O=C(Nc1ccc(Cl)cc1F)C(=O)N1CCC=C(c2ccnc3ccc(F)cc23)CC1,Active,Inactive
O=[N+]([O-])c1ccc(N/C(=N\O)c2ccc(Br)cc2)c2nonc12,Active,Inactive
O=C1c2ccccc2C(=O)c2c1nnn2-c1ccc2[nH]cnc2c1,Active,Active
O=C(O)c1cc2c(Nc3ccc(F)c(Cl)c3)ccc(F)c2[nH]1,Inactive,Inactive
CC1(C)C(=O)C=Cc2c1ccc1c2C(=O)C(=O)c2c(CO)coc2-1,Inactive,Inactive
CC[C@@H](C(=O)Nc1ccc(Cl)cc1)N1CCC2(CC1)COc1cc(C(F)(F)F)ccc12,Active,Inactive
O=C(Nc1ccc(C(F)F)cc1)C(=O)N1CCC(c2ccnc3ccc(F)cc23)CC1,Active,Inactive
N#Cc1cc(Nc2ccc(F)c(Cl)c2)c2cc(C(=O)O)[nH]c2c1,Inactive,Inactive
O=C1c2cc(O)ccc2C(=O)c2c1nnn2-c1ccc(F)c(Cl)c1,Active,Active
O=C(/C(=N/O)Nc1ccc(F)c(Br)c1)C1CCN(S(=O)(=O)NCc2ccccc2)CC1,Active,Inactive
O=C1c2ccccc2C(=O)c2c1nnn2-c1ccccc1Cl,Inactive,Inactive
CC1(C)CN(C(=O)C(=O)Nc2ccc(Cl)cc2)CCC1c1ccnc2ccc(F)cc12,Active,Inactive
CC(=O)Nc1cc(Nc2ccc(F)cc2)c2cc(C(=O)O)[nH]c2c1,Inactive,Inactive
CC(C(=O)Nc1ccc(Cl)cc1)N1CCC2(CC1)COc1cc(C(F)(F)F)ccc12,Inactive,Inactive
N#Cc1ccc(-n2nnc3c2C(=O)c2ccccc2C3=O)cc1,Active,Active
O=[N+]([O-])c1ccc(N/C(Cc2ccc(Cl)cc2)=N\O)c2nonc12,Active,Inactive
O=C(O)c1cc2c(Nc3cc(Br)ccc3F)ccc(F)c2[nH]1,Inactive,Inactive
O=C1c2ccccc2C(=O)c2c1nnn2-c1cc(Cl)c(F)c(Cl)c1,Active,Active
O=C1c2ccccc2C(=O)c2c1nnn2-c1ccc(Cl)c(Cl)c1,Active,Active
O=C(Nc1ccc(Cl)cc1)C(=O)N1CC[C@H](c2ccnc3ccc(F)cc23)[C@@H](O)C1,Active,Inactive
C[C@@H](C(=O)Nc1ccc(Cl)cc1)[C@H]1CC[C@]2(CC1)COc1cc(C(F)(F)F)ccc12,Active,Inactive
CC(=O)Nc1cc(Nc2ccc(F)c(OCc3ccccc3)c2)c2cc(C(=O)O)[nH]c2c1,Inactive,Inactive
O=C(Nc1ccc(Cl)cc1)C(=O)N1CCCC2(CC1)COc1cc(C(F)(F)F)ccc12,Active,Inactive
O=C(/C(=N/O)Nc1ccc(F)c(Br)c1)C1CCN(C(=O)c2ccccc2)CC1,Active,Inactive
COc1ccc(Nc2cc(NC(C)=O)cc3[nH]c(C(=O)O)cc23)cn1,Inactive,Inactive
O=C1c2ccccc2C(=O)c2c1nnn2-c1ccc(F)c(Cl)c1,Active,Active
Cc1cccc(-n2nnc3c2C(=O)c2ccccc2C3=O)c1,Active,Active
O=C(Nc1ccc(Cl)cn1)C(=O)N1CCC(c2ccnc(C(F)(F)F)c2Cl)CC1,Active,Inactive
CC(=O)Nc1cc(Nc2ccc(F)c(OC(F)(F)F)c2)c2cc(C(=O)O)[nH]c2c1,Inactive,Inactive
CC[C@H](C(=O)Nc1ccc(Cl)cc1)N1CCC2(CC1)COc1cc(C(F)(F)F)ccc12,Active,Inactive
O=[N+]([O-])c1ccc(N/C(=N\O)c2ccc(F)c(Br)c2)c2nonc12,Active,Inactive
C[C@@H](C(=O)Nc1ccc(Cl)cc1)[C@H]1CC[C@@]2(CC1)COc1cc(C(F)(F)F)ccc12,Active,Inactive
O=[N+]([O-])c1ccc(N/C(=N\O)c2cccc(F)c2)c2nonc12,Active,Inactive
N#Cc1ccc2nccc(C3CCN(C(=O)C(=O)Nc4ccc(Cl)cc4)CC3)c2c1,Active,Inactive
O=C(/C(=N/O)Nc1ccc(F)c(Br)c1)c1ccccc1,Inactive,Inactive
CC(=O)Nc1cc(Nc2ccc(OC(F)(F)F)cc2)c2cc(C(=O)O)[nH]c2c1,Inactive,Inactive
O=C1c2ccccc2C(=O)c2c1nnn2-c1cccc(F)c1,Active,Active
O=C(/C(=N/O)Nc1ccc(F)c(Br)c1)C1CCN(c2ccccc2)CC1,Active,Inactive
O=C(/C(=N/O)Nc1ccc(F)c(Br)c1)c1cncs1,Inactive,Inactive
CC[C@H](C(=O)Nc1ccc(Cl)cn1)[C@H]1CC[C@]2(CC1)COc1cc(C(F)(F)F)ccc12,Active,Inactive
CCOc1cc(Nc2cc(NC(C)=O)cc3[nH]c(C(=O)O)cc23)ccc1F,Inactive,Inactive
CC(C)(C(=O)Nc1ccc(Cl)cc1)N1CCC2(CC1)COc1cc(C(F)(F)F)ccc12,Active,Inactive
O=C(O)c1cc2c(Nc3ccc(F)c(Br)c3)ccc(F)c2[nH]1,Inactive,Inactive
CC(=O)Nc1cc(Nc2ccc(F)cn2)c2cc(C(=O)O)[nH]c2c1,Inactive,Inactive
COC(=O)c1ccc(-n2nnc3c2C(=O)c2ccccc2C3=O)cc1,Active,Active
COc1ccc(Nc2cc(NC(C)=O)cc3[nH]c(C(=O)O)cc23)cc1,Inactive,Inactive
COc1ccc(Nc2ccc(F)c(Cl)c2)c2cc(C(=O)O)[nH]c12,Inactive,Inactive
O=C1c2ccccc2C(=O)c2c1nnn2-c1cnc(Cl)c(Cl)c1,Active,Active
O=C(O)c1cc2c(Nc3ccc(F)c(OC(F)(F)F)c3)ccc(F)c2[nH]1,Inactive,Inactive
O=[N+]([O-])c1ccc(N/C(=N\O)c2ccc(Cl)cc2)c2nonc12,Active,Inactive
O=C(Nc1ccccc1)[C@H]1CC[C@H](C(=O)/C(=N/O)Nc2ccc(F)c(Br)c2)CC1,Active,Inactive
CCNc1cc(Nc2ccc(F)c(Cl)c2)c2cc(C(=O)O)[nH]c2c1,Inactive,Inactive
C[C@H](C(=O)Nc1ccc(Cl)cc1)[C@H]1CC[C@]2(CC1)COc1cc(C(F)(F)F)ccc12,Active,Inactive
CC(=O)Nc1cccc(-n2nnc3c2C(=O)c2ccccc2C3=O)c1,Active,Active
CC(=O)Nc1cc(Nc2ccc(F)c(F)c2)c2cc(C(=O)O)[nH]c2c1,Inactive,Inactive
O=C1c2ccccc2C(=O)c2c1nnn2-c1ccc2ccncc2c1,Active,Active
CCCOc1cc(Nc2cc(NC(C)=O)cc3[nH]c(C(=O)O)cc23)ccc1F,Inactive,Inactive
CC(=O)Nc1cc(Nc2ccc(F)c(Oc3ccccc3)c2)c2cc(C(=O)O)[nH]c2c1,Inactive,Inactive
CC(C(=O)Nc1ccc(Cl)cc1)C1CCC2(CC1)c1ccc(C(F)(F)F)cc1CN2C,Active,Inactive
O=C(/C(=N/O)Nc1ccc(F)c(Br)c1)C1CCCCC1,Active,Inactive
O=C(Nc1ccc(Cl)cc1F)C(=O)N1CCCC(c2ccnc3ccc(F)cc23)CC1,Active,Inactive
O=C1c2ccc(F)cc2C(=O)c2c1nnn2-c1ccc(F)c(Cl)c1,Active,Active
O=C(O)c1cc2c(Nc3ccc(F)c(Cl)c3)cc([N+](=O)[O-])cc2[nH]1,Inactive,Inactive
O=C(/C(=N/O)Nc1ccc(F)c(Br)c1)C1CCN(C(=O)Nc2ccccc2)CC1,Active,Inactive
O=C1c2ccccc2C(=O)c2c1nnn2-c1cccc([N+](=O)[O-])c1,Active,Active
O=C(Nc1ccc(Cl)cc1)C(=O)N1CCC(c2ccnc3ccc(F)cc23)C(F)(F)C1,Active,Inactive
O=C(O)c1cc2c(Nc3ccc(F)c4[nH]c(C(=O)O)cc34)ccc(F)c2[nH]1,Inactive,Inactive
O=[N+]([O-])c1ccc(N/C(Cc2ccc(Cl)c(Cl)c2)=N\O)c2nonc12,Active,Inactive
O=[N+]([O-])c1ccc(N/C(Cc2ccc(F)c(F)c2)=N\O)c2nonc12,Active,Inactive
C[C@@H](NC(=O)c1ccc(F)cc1)c1ccc2c(c1)CCN2C(=O)C1CCOCC1,Active,Inactive
COc1cc(Nc2cc(NC(C)=O)cc3[nH]c(C(=O)O)cc23)ccc1F,Inactive,Inactive
O=C(Nc1ccc(Cl)cc1)C(=O)N1CC[C@H](c2ccnc3ccc(F)cc23)[C@H](O)C1,Active,Inactive
O=C(CN1CCC2(CCc3ccccc32)CC1)Nc1ccc(Cl)cc1,Active,Inactive
O=C1c2ccccc2C(=O)c2c1nnn2-c1ccc(Cl)cc1,Active,Active
O=C(NC[C@H]1CC[C@H](C(=O)/C(=N/O)Nc2ccc(F)c(Br)c2)CC1)c1ccccc1,Active,Inactive
NS(=O)(=O)N1CCC(C(=O)/C(=N/O)Nc2ccc(F)c(Br)c2)CC1,Active,Inactive
CC(=O)Nc1cc(Nc2ccc(OC(F)F)cc2)c2cc(C(=O)O)[nH]c2c1,Inactive,Inactive
O=C(Nc1ccc(Cl)cc1)C(=O)N1CCC2(CC1)COc1cc(C(F)F)ccc12,Active,Inactive
O/N=C(/CC1CCCCC1)Nc1ccc(F)c(Br)c1,Active,Inactive
O=[N+]([O-])c1ccc(N/C(=N\O)c2ccccc2Br)c2nonc12,Active,Inactive
CC(C(=O)Nc1ccc(Cl)cc1)N1CCC2(CCc3ccccc32)CC1,Active,Inactive
O=C1c2ccccc2C(=O)c2c1nnn2-c1ccc2[nH]ncc2c1,Active,Active
O=C1c2ccccc2C(=O)c2c1nnn2-c1ccc(-c2nnn[nH]2)cc1,Active,Active
O=C(/C(=N/O)Nc1ccc(F)c(Br)c1)c1cccs1,Active,Inactive
CC(=O)Nc1cc(Nc2cccc3[nH]ncc23)c2cc(C(=O)O)[nH]c2c1,Inactive,Inactive
CC(=O)Nc1cc(Nc2ccc(F)c(OC(C)C)c2)c2cc(C(=O)O)[nH]c2c1,Inactive,Inactive
O=C1c2ccccc2C(=O)c2c1nnn2-c1ccc(C(F)(F)F)c(Cl)c1,Active,Active
CC(=O)Nc1cc(Nc2ccc(F)c(C3CC3)c2)c2cc(C(=O)O)[nH]c2c1,Inactive,Inactive
COc1ccc2c(c1)C(=O)c1nnn(-c3ccc(F)c(Cl)c3)c1C2=O,Active,Active
O=C1c2cc(F)ccc2C(=O)c2c1nnn2-c1ccc(F)c(Cl)c1,Active,Active
O=C(Nc1ccc(Cl)cn1)C(=O)N1CCC2(CC1)COc1cc(C(F)(F)F)ccc12,Active,Inactive
NS(=O)(=O)NC[C@H]1CC[C@H](C(=O)/C(=N/O)Nc2ccc(F)c(Br)c2)CC1,Active,Inactive
CC(=O)Nc1cc(Nc2ccc(F)c(Cl)c2)c2cc(C(=O)O)[nH]c2c1,Inactive,Inactive
CC(=O)Nc1cc(Nc2ccc(C(F)(F)F)cc2)c2cc(C(=O)O)[nH]c2c1,Inactive,Inactive
CC(=O)Nc1cc(Nc2ccc(F)c(OCC3CC3)c2)c2cc(C(=O)O)[nH]c2c1,Inactive,Inactive
COc1cc(Nc2ccc(F)c3[nH]c(C(=O)O)cc23)cc(OC)c1OC,Inactive,Inactive
COP(C)(=O)NCCCNc1nonc1/C(=N/O)Nc1ccc(F)c(Br)c1,Active,Inactive
O=C1c2ccccc2C(=O)c2c1nnn2-c1ccc(Cl)c(F)c1,Active,Active
O=[N+]([O-])c1ccc(N/C(=N\O)c2cccc(Br)c2)c2nonc12,Active,Inactive
O=C(Nc1ccc(C(F)(F)F)cc1)C(=O)N1CCC(c2ccnc3ccc(F)cc23)CC1,Active,Inactive
COc1ccc(Nc2cc(NC(C)=O)cc3[nH]c(C(=O)O)cc23)nc1,Inactive,Inactive
O=C(Nc1ccc(Cl)cn1)C(=O)N1CCC(c2ccnc3ccc(F)cc23)CC1,Active,Inactive
COc1cc(Nc2ccc(F)c3[nH]c(C(=O)O)cc23)ccc1F,Inactive,Inactive
N#Cc1ccc(NC(=O)C(=O)N2CCC(c3ccnc4ccc(F)cc34)CC2)cc1,Active,Inactive
O=C(Nc1ccc(Cl)cc1)C(=O)N1CC[C@@H](c2ccnc3ccc(F)cc23)[C@H](O)C1,Active,Inactive
O=[N+]([O-])c1ccc(N/C(=N\O)c2ccc(F)cc2)c2nonc12,Active,Inactive
O=C(/C(=N/O)Nc1ccc(F)c(Br)c1)[C@H]1CC[C@H](NS(=O)(=O)Nc2ccccc2)CC1,Active,Inactive
O=C(Nc1ccc(Cl)cc1)C(CCO)N1CCC2(CC1)COc1cc(C(F)(F)F)ccc12,Active,Inactive
O=C1c2ccccc2C(=O)c2c1nnn2-c1cccnc1,Active,Active
CN1CCN(c2ccc(-n3nnc4c3C(=O)c3ccccc3C4=O)cc2)CC1,Inactive,Inactive
O=C(Nc1ccc(Cl)cc1)C(=O)N1CC[C@@H](c2ccnc3ccc(F)cc23)[C@@H](O)C1,Inactive,Inactive
O=[N+]([O-])c1ccc(N/C(Cc2ccc(Br)cc2)=N\O)c2nonc12,Active,Inactive
O/N=C(\Nc1cccc(Br)c1)c1ccc(Cl)nc1,Active,Inactive
O/N=C(\Nc1cccc(Br)c1)c1ccc(Cl)s1,Active,Inactive
O/N=C(\Nc1ccc(F)c(Cl)c1)c1cnc(Cl)s1,Active,Inactive
Cc1ccc(/C(=N/O)Nc2cccc(Br)c2)s1,Active,Inactive
O=C(NCc1csc(/C(=N/O)Nc2cccc(Br)c2)c1)Nc1ccc(F)cc1,Active,Inactive
c1ccc2c(-c3ccc4nonc4c3)c[nH]c2c1,Inactive,Active
CNC(=O)c1cccc(CNc2cc(C(F)(F)F)cc3[nH]ncc23)c1,Inactive,Inactive
O=C1NCc2c(NCc3ccccc3[N+](=O)[O-])cccc21,Inactive,Inactive
NCCn1ncc2c(NCc3ccccc3[N+](=O)[O-])cc(C(F)(F)F)cc21,Inactive,Inactive
OC1CCCC(Nc2cccc(CNc3cc(C(F)(F)F)cc4[nH]ncc34)c2)C1,Inactive,Inactive
CCN(CC)C(=O)c1coc2c1C(=O)C(=O)c1c-2ccc2c1C=CC(=O)C2(C)C,Inactive,Inactive
CC1(C)C(=O)C=Cc2c1ccc1c2C(=O)C(=O)c2c(CF)coc2-1,Active,Active
CC1(C)C(=O)CCc2c1ccc1c2C(=O)C(=O)c2c(CO)coc2-1,Active,Active
Brc1cccc(-c2nccc3c2[nH]c2ccccc23)c1,Inactive,Inactive
FC(F)(F)c1cccc(CNc2cc(C(F)(F)F)cc3[nH]ncc23)c1,Inactive,Inactive
O=C(O)c1cccc(CNc2cc(C(F)(F)F)cc3[nH]ncc23)c1,Inactive,Inactive
O=[N+]([O-])c1ccc(O)cc1CNc1cc(Br)cc2[nH]ncc12,Inactive,Active
CC1(C)C(=O)C=Cc2c1ccc1c2C(=O)C(=O)c2c(CCl)coc2-1,Active,Active
O=[N+]([O-])c1cc(OCc2ccccc2)ccc1CNc1cc(C(F)(F)F)cc2[nH]ncc12,Inactive,Inactive
FC(F)(F)c1cc(NC[C@@H]2CCCCN2)c2cn[nH]c2c1,Inactive,Inactive
CC1(C)C(=O)C=Cc2c1ccc1c2C(=O)C(=O)c2c(C(=O)O)coc2-1,Inactive,Inactive
CC(=O)O[C@H]1CCc2c(ccc3c2C(=O)C(=O)c2c(C)coc2-3)C1(C)C,Active,Inactive
Cc1coc2c1C(=O)C(=O)c1c-2ccc2c1C(=O)C(O)CC2(C)C,Active,Inactive
Cc1coc2c1C(=O)C(=O)c1c-2ccc2c1C=CC(=O)C2(C)C,Inactive,Inactive
NC(=O)Nc1ccc(-c2c[nH]c3cc(F)ccc23)cc1,Active,Active
COC(=O)c1cc(NCc2ccccc2[N+](=O)[O-])c2cn[nH]c2c1,Inactive,Inactive
Clc1cccc(-c2nccc3c2[nH]c2ccccc23)c1,Inactive,Inactive
COC(=O)c1coc2c1C(=O)C(=O)c1c-2ccc2c1C=CC(=O)C2(C)C,Inactive,Inactive
O=[N+]([O-])c1cccc(CNc2cc(C(F)(F)F)cc3[nH]ncc23)c1,Inactive,Inactive
O=[N+]([O-])c1ccc(CNc2cc(Br)cc3[nH]ncc23)cc1,Inactive,Inactive
O=[N+]([O-])c1ccc(CNc2cc(C(F)(F)F)cc3[nH]ncc23)cc1,Inactive,Inactive
CC1(C)c2ccc3c(c2CC[C@@H]1O)C(=O)C(=O)c1c(CO)coc1-3,Active,Active
O=[N+]([O-])c1cc(Br)c(F)cc1CNc1cc(C(F)(F)F)cc2[nH]ncc12,Inactive,Inactive
N#Cc1cccc(-c2nccc3c2[nH]c2ccccc23)c1,Inactive,Inactive
c1ccc2c(-c3ccc4n[se]nc4c3)c[nH]c2c1,Inactive,Inactive
Clc1ccc(-c2nccc3c2[nH]c2ccccc23)cc1,Inactive,Inactive
Cc1c[nH]c2c1C(=O)C(=O)c1c-2ccc2c1CCCC2(C)C,Inactive,Inactive
c1ccc2c(c1)[nH]c1c(-c3cnn[nH]3)nccc12,Inactive,Inactive
CS(=O)(=O)c1ccc(CNc2cc(C(F)(F)F)cc3[nH]ncc23)c([N+](=O)O)c1,Inactive,Active
CC(=O)OCc1coc2c1C(=O)C(=O)c1c-2ccc2c1CC[C@H](O)C2(C)C,Active,Inactive
O=[N+]([O-])c1ccc(Cl)cc1CNc1cc(C(F)(F)F)cc2[nH]ncc12,Inactive,Inactive
FC(F)(F)c1cc(NCc2cccc3sccc23)c2cn[nH]c2c1,Inactive,Inactive
O=[N+]([O-])c1ccc2[nH]c(CNc3cc(C(F)(F)F)cc4[nH]ncc34)cc2c1,Inactive,Inactive
CC(=O)O[C@H]1CCc2c(ccc3c2C(=O)C(=O)c2c(CO)coc2-3)C1(C)C,Inactive,Inactive
O=[N+]([O-])c1ccccc1CNc1cc(C(F)(F)F)cc2[nH]ncc12,Inactive,Inactive
O=[N+]([O-])c1ccccc1CNc1cc(Br)cc2cn[nH]c12,Inactive,Inactive
Cc1coc2c1C(=O)C(=O)c1c-2ccc2c1C(Br)CCC2(C)C,Inactive,Inactive
Oc1ccc(CNc2cc(C(F)(F)F)cc3[nH]ncc23)c(Cl)c1,Inactive,Inactive
c1ccc2c(-c3cnc4n[se]nc4c3)c[nH]c2c1,Inactive,Inactive
N#Cc1ccc(-c2nccc3c2[nH]c2ccccc23)cc1,Inactive,Inactive
c1ccc2c(-c3ccc4nsnc4c3)c[nH]c2c1,Inactive,Inactive
COc1cc(CNc2cc(Br)cc3[nH]ncc23)c([N+](=O)[O-])cc1OC,Inactive,Inactive
FC(F)(F)c1cc(NC[C@H]2CCCCN2)c2cn[nH]c2c1,Inactive,Active
CC(C)n1ncc2c(NCc3ccccc3[N+](=O)[O-])cc(C(F)(F)F)cc21,Inactive,Inactive
O=[N+](O)c1c(Cl)cccc1CNc1cc(C(F)(F)F)cc2[nH]ncc12,Inactive,Active
CC(=O)Oc1c(OC(C)=O)c2c(C)coc2c2ccc3c(c12)CCCC3(C)C,Inactive,Inactive
Nc1cccc(CNc2cc(C(F)(F)F)cc3[nH]ncc23)c1,Inactive,Inactive
Cc1coc2c1C(=O)C(=O)c1c-2ccc2c1CCC(=O)C2(C)C,Active,Active
Cc1coc2c1C(=O)C(=O)c1c-2ccc2c1C(=O)C(O)=CC2(C)C,Inactive,Inactive
FC(F)(F)c1cc(NCC2CNC2)c2cn[nH]c2c1,Inactive,Inactive
N#Cc1cc(NCc2ccccc2[N+](=O)[O-])c2cn[nH]c2c1,Inactive,Inactive
Cc1coc2c1C(=O)C(=O)c1c-2ccc2c1CC[C@H](OS(C)(=O)=O)C2(C)C,Inactive,Inactive
O=[N+]([O-])c1cccc(CNc2cc(Br)cc3[nH]ncc23)c1,Inactive,Inactive
C[C@@H](C=O)C1=C(O)C(=O)c2c(ccc3c2CCCC3(C)C)C1=O,Inactive,Inactive
c1ccc2c(-c3cnc4nsnc4c3)c[nH]c2c1,Inactive,Active
O[C@H](c1cc(Cl)cc2cncn12)C1CCCCC1,Active,Active
CC(=O)OCc1coc2c1C(=O)C(=O)c1c-2ccc2c1C=CC(=O)C2(C)C,Active,Active
O=C1NC(=O)c2c(NCc3ccccc3[N+](=O)[O-])cccc21,Inactive,Inactive
Oc1ccc(CNc2cc(C(F)(F)F)cc3[nH]ncc23)cc1,Inactive,Inactive
FC(F)(F)c1cc(NC[C@H]2CCCN2)c2cn[nH]c2c1,Inactive,Inactive
CC1(C)C(=O)C=Cc2c1ccc1c2C(=O)C(=O)c2c(C=O)coc2-1,Inactive,Inactive
O=[N+]([O-])c1cc(Cl)ccc1CNc1cc(C(F)(F)F)cc2[nH]ncc12,Inactive,Inactive
O=[N+]([O-])c1ccccc1CNc1cc(Br)cc2[nH]ncc12,Inactive,Inactive
CC(=O)OCc1coc2c1C(=O)C(=O)c1c-2ccc2c1CCC(=O)C2(C)C,Inactive,Active
Cc1ccc(CNc2cc(C(F)(F)F)cc3[nH]ncc23)c([N+](=O)O)c1,Inactive,Active
O=C(O)CNc1cccc(CNc2cc(C(F)(F)F)cc3[nH]ncc23)c1,Inactive,Inactive
FC(F)(F)c1cc(NCc2cccc(Br)c2)c2cn[nH]c2c1,Inactive,Inactive
ON=C1CCC(CNc2cc(Br)cc3[nH]ncc23)CC1,Inactive,Active
O[C@@H]1CCCC[C@H]1CNc1cc(Cl)cc2[nH]ncc12,Inactive,Active
O=C(O)c1cc(NC[C@@H]2CCCC[C@H]2O)c2cn[nH]c2c1,Inactive,Inactive
Brc1cc(NCC2CCCCC2)c2cn[nH]c2c1,Inactive,Active
Brc1cc(NCC2CCCCC23OCCO3)c2cn[nH]c2c1,Inactive,Inactive
O/N=C(\CNc1cc(Br)cc2[nH]ncc12)c1ccc(O)cc1,Inactive,Inactive
Cl[C@@H]1CCCC[C@@H]1CNc1cc(Br)cc2[nH]ncc12,Inactive,Inactive
Cc1ccc(C(=O)CC(=O)c2ccccc2OC(C)C)c(O)c1,Inactive,Inactive
O[C@@H](c1cn2cncc2cc1Cl)C1CCCCC1,Active,Active
Cl[C@H]1CCCC[C@H]1CNc1cc(Br)cc2[nH]ncc12,Active,Active
O[C@@H]1CCCC[C@H]1CNc1cc(C(F)(F)F)cc2[nH]ncc12,Inactive,Active
O[C@@H]1CCCC[C@H]1CNc1cc(Br)cc2cn[nH]c12,Inactive,Inactive
Brc1cc(NCc2ccccn2)c2cn[nH]c2c1,Inactive,Inactive
Brc1cc(NC[C@@H]2CCCCN2)c2cn[nH]c2c1,Inactive,Inactive
CC1(C)CN(c2cc(Br)cc3[nH]ncc23)CCN1S(C)(=O)=O,Active,Active
N[C@@H]1CCCC[C@H]1CNc1cc(Br)cc2[nH]ncc12,Active,Active
OCC(Nc1cc(Br)cc2[nH]ncc12)c1ccccc1,Inactive,Active
N[C@H]1CCCC[C@H]1CNc1cc(Br)cc2[nH]ncc12,Inactive,Active
Nc1cc(Br)cc2[nH]ncc12,Inactive,Inactive
Cn1cc(-c2ccc(NC(N)=O)cc2)c2ccc(F)cc21,Active,Active
O[C@@H]1CCCC[C@H]1CNc1cc(Br)cc2[nH]ncc12,Active,Active
COc1ccccc1C(=O)CC(=O)c1ccc(C)cc1O,Inactive,Inactive
CC1=C(CC(=O)c2sccc2Br)C(=O)c2ccccc2C1=O,Active,Active
Cc1cc(NC[C@@H]2CCCC[C@H]2O)c2cn[nH]c2c1,Inactive,Active
CC(C)(C)OC(=O)N1CCC(CNc2cc(Br)cc3[nH]ncc23)C1,Inactive,Inactive
O[C@H]1CCCC[C@@H]1CNc1cc(Br)cc2[nH]ncc12,Inactive,Active
OCC(Nc1cc(Br)cc2[nH]ncc12)c1cccc(Cl)c1,Inactive,Inactive
CC(=O)O[C@@H]1CCCC[C@H]1CNc1cc(Br)cc2[nH]ncc12,Inactive,Active
Brc1cc(NC[C@@H]2CCCN2)c2cn[nH]c2c1,Inactive,Inactive
Brc1cc(NC[C@H]2CCCCN2)c2cn[nH]c2c1,Inactive,Inactive
OC1CCCCC1CNc1cc(Br)cc2[nH]ncc12,Inactive,Active
Cn1ncc2c(NC[C@@H]3CCCC[C@H]3O)cc(Br)cc21,Inactive,Inactive
OC(CNc1cc(Br)cc2[nH]ncc12)c1cccc(Cl)c1,Inactive,Inactive
O[C@@H]1CCCC[C@H]1CNc1c(Br)ccc2[nH]ncc12,Inactive,Inactive
Brc1cc(NC[C@H]2CCCN2)c2cn[nH]c2c1,Inactive,Inactive
Cc1ccc(NC(=O)Nc2cc(-c3ccccc3-c3nn[nH]n3)cc3c2OCCCC3c2ccccc2)cc1,Active,Inactive
Cc1ccc(NC(=O)Nc2cc(-c3ccccc3-c3nc(=O)[nH]o3)cc3c2OCCCC3c2ccccc2)cc1,Active,Inactive
C=CC1(C=C)Oc2c(NC(=O)Nc3ccc(C)cc3)cc(-c3ccccc3-c3nn[nH]n3)cc2[C@@H]1c1ccccc1,Active,Inactive
COc1ccc(-c2ccc(Oc3ccccc3C(C)(C)C)c(NC(=O)Nc3ccccc3F)c2)cc1C(=O)O,Active,Inactive
C=C[C@H]1Oc2c(NC(=O)Nc3ccc(C)cc3)cc(-c3ccccc3-c3nn[nH]n3)cc2[C@@H]1c1ccccc1,Active,Inactive
CC1(C)CCCc2c1ccc1c2C(=O)C(=O)c2c(CO)coc2-1,Inactive,Inactive
Nc1nonc1/C(=N/O)Nc1ccc(F)c(Cl)c1,Active,Inactive
O=C1c2cc(Br)ccc2-n2c1nc1ccccc1c2=O,Active,Active
CC(=O)NCCn1cc(cn1)-c1ccc(cc1)N1CCC(CC1)C1c2c(cccc2F)-c2cncn12,Active,Active
C[C@@]1(O)C2CC3CC1CC(C3)(C2)C(O)CC1c2ccccc2-c2cncn12,Active,Active
O[C@@H](CC1c2c(cccc2F)-c2cncn12)C12CC3CC(C1)[C@H](O)C(C3)C2,Active,Active
O[C@H](CC1c2c(cccc2F)-c2cncn12)C12CC3CC(C1)[C@H](NS(=O)(=O)Cc1ccccc1)C(C3)C2,Active,Active
O[C@@H](CC1c2c(cccc2F)-c2cncn12)C12CC3CC(C1)[C@H](NS(=O)(=O)Cc1ccccc1)C(C3)C2,Active,Inactive
O=C(Nc1cccn2cncc12)c1ccccc1,Inactive,Inactive
CC(=O)N1CCN(CC1)c1cc(cn2cncc12)C(F)(F)F,Inactive,Active
CS(=O)(=O)N1CCN(CC1)c1cc(cn2cncc12)C(F)(F)F,Inactive,Active
CC(=O)N1CCC(CC1)c1cc(cn2cncc12)C(F)(F)F,Inactive,Active
CS(=O)(=O)N1CCC(CC1)c1cc(cn2cncc12)C(F)(F)F,Inactive,Active
CS(=O)(=O)N1CCN(CC1)c1cc(Cl)cn2cncc12,Inactive,Active
CS(=O)(=O)c1ccc(cc1)-c1cc(cn2cncc12)C(F)(F)F,Inactive,Active
OCCc1cc(cn2cncc12)C(F)(F)F,Inactive,Inactive
CS(=O)(=O)N1CCC(CC1)Nc1cc(cn2cncc12)C(F)(F)F,Inactive,Active
CS(=O)(=O)N1CCC(CC1)c1cc(Cl)cn2cncc12,Inactive,Active
CS(=O)(=O)c1ccc(cc1)-c1cc(Cl)cc2cncn12,Inactive,Active
CS(=O)(=O)N1CCN(CC1)c1cc(Cl)cc2cncn12,Inactive,Inactive
CC1(C)CN(CCN1S(C)(=O)=O)c1cc(cn2cncc12)C(F)(F)F,Active,Active
CS(=O)(=O)c1ccc(cc1)-c1cc(cc2cncn12)C(F)(F)F,Inactive,Inactive
CC1(C)CN(CCN1S(C)(=O)=O)c1cc(Cl)cn2cncc12,Active,Active
CS(=O)(=O)N1CCN(CC1)c1cc(cc2cncn12)C(F)(F)F,Inactive,Inactive
CC(=O)N1CCN(CC1)c1cc(cc2cncn12)C(F)(F)F,Inactive,Inactive
OC(=O)N1CCN(CC1)c1cc(cc2cncn12)C(F)(F)F,Inactive,Inactive
CC1(C)CN(CCN1C(O)=O)c1cc(Br)cc2cncn12,Active,Active
CC1(C)CN(CCN1S(C)(=O)=O)c1cc(Br)cc2cncn12,Active,Active
CS(=O)(=O)Nc1ccc(cc1)C1CCN(CC1)c1cc(cc2cncn12)C(F)(F)F,Active,Active
CC(=O)Nc1ccc(cc1)C1CCN(CC1)c1cc(cc2cncn12)C(F)(F)F,Active,Active
CNC(=O)c1ccc(cc1)C1CCN(CC1)c1cc(cc2cncn12)C(F)(F)F,Active,Active
CC1(C)CN(CCN1S(C)(=O)=O)c1cc(cc2cncn12)C(F)(F)F,Active,Active
CS(=O)(=O)C1CCN(CC1)c1cc(cc2cncn12)C(F)(F)F,Inactive,Active
OC1(CCCCC1)c1cc(cn2cncn12)C(F)(F)F,Inactive,Active
CC(=O)N1CCN(CC1(C)C)c1cc(cn2cncc12)C(F)(F)F,Active,Active
CS(=O)(=O)N1CCC(CC1)Nc1cc(Cl)cc2cncn12,Active,Active
CC(=O)N1CCN(Cc2cc(Cl)cc3cncn23)CC1(C)C,Active,Active
CC1(C)CN(Cc2cc(Cl)cc3cncn23)CCN1S(C)(=O)=O,Active,Active
CC(=O)N1CCN(Cc2cc(Cl)cn3cncn23)CC1(C)C,Active,Active
CN1C(=O)C(N2CCN(Cc3cc(cn4cncc34)C(F)(F)F)CC2)C(=O)C1(C)C,Inactive,Inactive
OCCn1cc(cn1)-c1ccc(cc1)N1CCC(CC1)[C@H]1c2c(cccc2F)-c2cncn12,Active,Active
Fc1ccc2[nH]cc([C@@H]3CC(=O)NC3=O)c2c1,Inactive,Inactive
OC(C1CCCCC1)c1c(sc2cncn12)C1CC1,Active,Active
OC(CC1CCCCC1)c1c(sc2cncn12)C1CCCC1,Active,Active
CCc1sc2cncn2c1C(O)CC1CCCCC1,Active,Active
CCc1sc2cncn2c1[C@@H](O)CC1CCCCC1,Active,Active
CCc1sc2cncn2c1[C@H](O)CC1CCCCC1,Inactive,Inactive
OC(CC1CCC2CCCCC2C1)c1c(sc2cncn12)C1CC1,Active,Inactive
OC(CC1CCCC(C1)C(F)(F)F)c1c(sc2cncn12)C1CC1,Active,Active
OC(C1CCC(CC1)C1CCC1)c1c(sc2cncn12)C1CC1,Active,Inactive
OC(C1CCCC(C1)C(F)(F)F)c1c(sc2cncn12)C1CC1,Active,Inactive
CC1(CCCCC1)C(O)c1c(sc2cncn12)C1CC1,Active,Active
CC1(C)CCCC(CC(O)c2c(sc3cncn23)C2CC2)C1,Active,Active
Cc1sc2cncn2c1C(O)CC1CCC(C1)c1ccccc1,Active,Inactive
CC1(C)CCC(C1)C(O)c1c(sc2cncn12)C(F)(F)F,Active,Active
Cc1sc2cncn2c1C(O)C1CC(C)(C)C1,Active,Active
O[C@H](CC1CCCCC1)c1c(sc2cncn12)C1CCCC1,Active,Active
CC(C)(C)c1sc2cncn2c1C(O)C1CCCCC1,Inactive,Inactive
CC1(C)CC(C1)C(O)c1c(sc2cncn12)C(F)(F)F,Active,Active
OC(CC1CCCC1)c1c(sc2cncn12)C(F)(F)F,Active,Inactive
OC(CC1CCC(C1)c1ccccc1)c1c(sc2cncn12)C(F)(F)F,Active,Inactive
Cc1sc2cncn2c1C(O)C1CCCC1,Active,Active
COC1CCCC(CC(O)c2c(sc3cncn23)C2CC2)C1,Active,Inactive
CC1CCC(CC1)C(O)c1c(sc2cncn12)C(F)(F)F,Active,Inactive
CC1CCC(C1)C(O)c1c(sc2cncn12)C(F)(F)F,Active,Active
CC1CCCCC1CC(O)c1c(sc2cncn12)C(F)(F)F,Active,Inactive
CC1(C)CCC(CC(O)c2c(sc3cncn23)C(F)(F)F)CC1,Active,Inactive
CC1CCCC1C(O)c1c(sc2cncn12)C(F)(F)F,Active,Active
CC(C)(C)c1sc2cncn2c1C(O)CC1CCCCC1,Inactive,Inactive
CC1CC(C)(C)CC1C(O)c1c(sc2cncn12)C1CC1,Active,Active
CC1(C)CCC(CC(O)c2c(sc3cncn23)C(F)(F)F)C1,Active,Inactive
CC1CCCC(CC(O)c2c(sc3cncn23)C(F)(F)F)C1,Active,Inactive
CCC1CCCC1C(O)c1c(sc2cncn12)C1CC1,Active,Active
OC(C1CCCCC1)c1c(sc2cncn12)-c1cccnc1,Active,Active
Cn1cc(cn1)-c1sc2cncn2c1C(O)C1CCCCC1,Active,Inactive
Cc1ccc(cc1)-c1sc2cncn2c1C(O)C1CCCCC1,Inactive,Active
COc1ccc(cc1)-c1sc2cncn2c1C(O)C1CCCCC1,Inactive,Inactive
Cc1cscc1-c1sc2cncn2c1C(O)C1CCCCC1,Active,Active
CCCc1sc2cncn2c1C(O)CC1CCCCC1,Active,Active
OC(C1CCCCC1)c1c(Cl)sc2cncn12,Active,Active
CCCc1sc2cncn2c1C(O)C1CCCCC1,Active,Active
COC1CCC(CC(O)c2c(sc3cncn23)C2CC2)CC1,Active,Inactive
OC(C1CCCC1)c1c(sc2cncn12)C(F)(F)F,Active,Active
OC(C1CC2CCCC2C1)c1c(sc2cncn12)C1CC1,Active,Active
OC(CC1CCC(CC1)C1CCCC1)c1c(sc2cncn12)C1CC1,Inactive,Inactive
OC(CC1CCCC1c1ccccc1)c1c(sc2cncn12)C1CC1,Active,Inactive
CC(C)C1(C)CCC(C1)C(O)c1c(sc2cncn12)C1CC1,Active,Active
CC1(CCCC1)C(O)c1c(sc2cncn12)C(F)(F)F,Active,Active
OC(CC1CCC(CC1)C(F)F)c1c(sc2cncn12)C1CC1,Active,Active
CC1(C)CCC(C)(C1)C(O)c1c(sc2cncn12)C1CC1,Active,Active
O[C@@H](C1CCCCC1)c1c(Cl)sc2cncn12,Active,Active
OC(C1CCCCC1)c1c(Br)sc2cncn12,Active,Active
Cc1sc2cncn2c1C(O)C1(C)CCCC1,Active,Active
Cc1sc2cncn2c1[C@@H](O)C1(C)CCCC1,Active,Active
Cc1sc2cncn2c1C(O)C1CCC(C)(C)C1,Active,Active
CCC1CCC(CC(O)c2c(sc3cncn23)C2CC2)CC1,Active,Inactive
OC(c1c(sc2cncn12)C1CC1)c1cccc(c1)C(F)(F)F,Active,Active
OC(c1c(sc2cncn12)C1CC1)c1ccc(F)cc1,Active,Active
OC(c1c(sc2cncn12)C1CC1)c1cccc(F)c1,Active,Active
OC(c1c(sc2cncn12)C1CC1)c1ccc(Cl)cc1,Active,Inactive
COc1ccccc1C(O)c1c(sc2cncn12)C1CC1,Inactive,Inactive
Cc1ccccc1C(O)c1c(sc2cncn12)C1CC1,Inactive,Inactive
OC(c1c(sc2cncn12)C1CC1)c1cccc(Cl)c1,Active,Inactive
OC(c1cccs1)c1c(Cl)sc2cncn12,Active,Active
CCCC1CCC(CC(O)c2c(sc3cncn23)C2CC2)CC1,Active,Inactive
OC(C1CCC(O)CC1)c1c(sc2cncn12)C1CC1,Active,Inactive
OC(CC1CCC(O)CC1)c1c(sc2cncn12)C1CC1,Active,Inactive
Cc1cc(cs1)-c1sc2cncn2c1C(O)C1CCCCC1,Inactive,Active
OC(C1CCCCC1)c1c(Cc2ccccc2)sc2cncn12,Inactive,Inactive
OC(CC1CCCCC1)c1c(sc2cncn12)C1CC(F)(F)C1,Active,Inactive
OC(C1CCCCC1)c1c(sc2cncn12)C1CC(F)(F)C1,Inactive,Inactive
COCc1sc2cncn2c1C(O)C1CCCCC1,Inactive,Active
Cc1sc2cncn2c1C(O)C#Cc1ccccc1,Active,Inactive
OC(c1c(sc2cncn12)C1CC1)c1ccc(cc1)C(F)(F)F,Active,Inactive
OC(CC1CCCCC1)c1c(Cl)sc2cncn12,Active,Inactive
CCNC1CCC(CC(O)c2c(sc3cncn23)C2CC2)CC1,Inactive,Inactive
CC1(C)CCC(CC1)C(O)c1c(sc2cncn12)C(F)(F)F,Active,Inactive
Cc1sc2cncn2c1C(O)c1ccccc1,Active,Active
OC(c1c(sc2cncn12)C1CC1)c1ccccc1F,Active,Inactive
OC(c1c(sc2cncn12)C1CC1)c1ccccc1Cl,Inactive,Inactive
OC(C1CCCCCC1)c1c(sc2cncn12)C1CC1,Active,Active
CC1(CCCCCC1)C(O)c1c(sc2cncn12)C1CC1,Active,Active
Cc1sc2cncn2c1C(O)[C@H]1C[C@@H]1c1ccccc1,Active,Inactive
Cc1sc2cncn2c1C(O)[C@@H]1C[C@@H]1c1ccccc1,Active,Inactive
Cc1sc2cncn2c1C(O)C1CCN(CC1)c1ccccc1,Active,Inactive
O[C@H](CC1CCCCC1)c1c(Cl)sc2cncn12,Active,Active
OC(C1CCCCCC1)c1c(Cl)sc2cncn12,Active,Active
CC1(CC1)c1sc2cncn2c1C(O)C1CCCCC1,Active,Inactive
OC(c1cccs1)c1c(sc2cncn12)C1CC1,Active,Inactive
CCc1sc2cncn2c1C(O)C1(C)CCCC1,Active,Active
OC(c1ccsc1)c1c(sc2cncn12)C1CC1,Active,Inactive
Cc1sc2cncn2c1C(O)C1(C)CCCCC1,Active,Active
CCc1sc2cncn2c1C(O)C1(C)CCCCC1,Active,Active
Cc1sc2cncn2c1C(O)CC1CCC(C)(C)CC1,Active,Inactive
CCc1sc2cncn2c1C(O)CC1CCC(C)(C)CC1,Active,Inactive
CCc1sc2cncn2c1C(O)CC1CCCC1,Active,Active
OC(C1CCCC1)c1c(Cl)sc2cncn12,Active,Active
CCc1sc2cncn2c1C(O)C1CC(C)(C)C1,Active,Active
OC(C1CCCCC1)c1c(sc2cncn12)-c1cccc(F)c1,Inactive,Active
OC(C1CCCCC1)c1c(sc2cncn12)-c1ccccc1F,Active,Active
Cc1sc2cncn2c1C(O)CC1CCCC1,Active,Active
OC(C1CCCCC1)c1c(sc2cncn12)C1(F)CC1,Active,Inactive
CC[C@H](C)c1sc2cncn2c1C(O)C1CCCCC1,Active,Active
OC(C1CCCCC1)c1c(sc2cncn12)[C@@H]1C[C@@H]1F,Active,Active
OC(C1CCCCC1)c1c(sc2cncn12)[C@@H]1C[C@H]1F,Active,Inactive
CC(C)n1cc(cn1)C(O)c1c(sc2cncn12)C1CC1,Active,Inactive
OC(c1cnn(c1)C1CCCC1)c1c(sc2cncn12)C1CC1,Active,Inactive
OC(C1CC1)c1c(Cl)sc2cncn12,Inactive,Inactive
OC(c1c(sc2cncn12)C1CC1)C12CC(C1)(CC2)c1ccccc1,Active,Active
OC(c1c(sc2cncn12)C1CC1)C12CC(C1)(C2)c1ccccc1,Active,Inactive
Cn1cc(nn1)C(O)c1c(sc2cncn12)C1CC1,Active,Inactive
CCn1cc(nn1)C(O)c1c(sc2cncn12)C1CC1,Active,Inactive
CC(C)n1cc(nn1)C(O)c1c(sc2cncn12)C1CC1,Active,Inactive
OC(c1cn(nn1)C1CCCC1)c1c(sc2cncn12)C1CC1,Active,Inactive
OC(c1cn(nn1)C1CCC1)c1c(sc2cncn12)C1CC1,Active,Inactive
OC(c1cn(nn1)C1CCCCC1)c1c(sc2cncn12)C1CC1,Active,Inactive
CCc1sc2cncn2c1C(O)c1cn(nn1)C1CCCC1,Active,Inactive
Cc1sc2cncn2c1C(O)c1cn(nn1)C1CCCC1,Inactive,Inactive
O[C@@H](C1CCCCC1)c1c(sc2cncn12)C1CC1,Active,Active
O[C@H]([C@@H]1C[C@H]2CCC1C2)c1c(sc2cncn12)C1CC1,Active,Active
OC(c1c[nH]nn1)c1c(sc2cncn12)C1CC1,Inactive,Inactive
OC(CC1CC(F)(F)C1)c1c(sc2cncn12)C1CC1,Active,Active
OC(CC12CCC(CC1)C2)c1c(sc2cncn12)C1CC1,Active,Active
CC1(CC(O)c2c(sc3cncn23)C2CC2)CCCCC1,Active,Active
OC(CC1CCCC1)c1c(sc2cncn12)C1CC1,Active,Active
O[C@H](CC1CCCC1)c1c(sc2cncn12)C1CC1,Active,Active
CC1(C)CCC(CC(O)c2c(sc3cncn23)C2CC2)CC1,Active,Active
CC1(C)CCC(CC1)C(O)c1c(sc2cncn12)C1CC1,Active,Active
OC(CC1CCCCCC1)c1c(sc2cncn12)C1CC1,Active,Active
O[C@H](CC1CCCCCC1)c1c(sc2cncn12)C1CC1,Active,Active
CC1CCCC(CC(O)c2c(sc3cncn23)C2CC2)C1,Active,Active
O[C@@H](CC1CCCCC1)c1c(sc2cncn12)C1CC1,Active,Active
CC1CCC(C1)C(O)c1c(sc2cncn12)C1CC1,Active,Active
CC1CCCCC1CC(O)c1c(sc2cncn12)C1CC1,Active,Active
OC(c1cccs1)c1c(Br)sc2cncn12,Active,Active
OC(CC1CCCCC1)c1c(Br)sc2cncn12,Active,Inactive
CC1(C)CCC(CC(O)c2c(sc3cncn23)C2CC2)C1,Active,Active
CC1(C)CCC(C[C@@H](O)c2c(sc3cncn23)C2CC2)C1,Active,Active
OC(CC1CCC(C1)c1ccccc1)c1c(sc2cncn12)C1CC1,Active,Inactive
CC1(C)CC(C1)C(O)c1c(sc2cncn12)C1CC1,Active,Active
CC1(C)CC(C1)[C@H](O)c1c(sc2cncn12)C1CC1,Active,Active
OC(CC1CCC(CC1)c1ccccc1)c1c(sc2cncn12)C1CC1,Active,Inactive
OC(CC1CC2CC1C=C2)c1c(sc2cncn12)C1CC1,Active,Active
CC1(CC(O)c2c(sc3cncn23)C2CC2)CCC1,Active,Active
CC(C)c1sc2cncn2c1[C@@H](O)C1CCCCC1,Active,Active
OC(CC1CCC1)c1c(sc2cncn12)C1CC1,Active,Active
OC(CC1CC2CCC1O2)c1c(sc2cncn12)C1CC1,Active,Inactive
OC(CC1CCC(CC1)C(F)(F)F)c1c(sc2cncn12)C1CC1,Active,Active
OC(C1CCC1)c1c(sc2cncn12)C1CC1,Active,Active
OC(C1CCCC1)c1c(sc2cncn12)C1CC1,Active,Active
CC1(C)CCC(C1)C(O)c1c(sc2cncn12)C1CC1,Active,Active
CC1(C)CC[C@@H](C1)[C@H](O)c1c(sc2cncn12)C1CC1,Active,Active
CC1(C)CC[C@@H](C1)[C@@H](O)c1c(sc2cncn12)C1CC1,Active,Active
CC1CCCC1C(O)c1c(sc2cncn12)C1CC1,Active,Active
CC1(CCCC1)[C@H](O)c1c(sc2cncn12)C1CC1,Active,Active
CC1CCC(CC(O)c2c(sc3cncn23)C2CC2)CC1,Active,Active
CC(C)c1sc2cncn2c1[C@@H](O)CC1CCCCC1,Active,Active
OC(c1c(sc2cncn12)C1CC1)c1ccccc1,Active,Active
O[C@H](c1c(sc2cncn12)C1CC1)c1ccccc1,Active,Active
CCc1cccc(c1)C(O)c1c(sc2cncn12)C1CC1,Active,Inactive
COc1ccc(cc1)C(O)c1c(sc2cncn12)C1CC1,Active,Inactive
Cc1sc2cncn2c1C(O)c1cccs1,Active,Active
CNc1ccc(cc1)C(O)c1c(C)sc2cncn12,Inactive,Inactive
Cc1sc2cncn2c1[C@@H](O)CC1CCCCC1,Active,Active
Cc1sc2cncn2c1[C@@H](O)C1CCCCC1,Active,Active
OC(Cc1c(Cl)cccc1Cl)c1c(sc2cncn12)C1CC1,Active,Active
COc1cccc(CC(O)c2c(C)sc3cncn23)c1,Inactive,Inactive
OC(C1CCCCC1)c1c(sc2cncn12)C(F)(F)F,Active,Active
O[C@@H](C1CCCCC1)c1c(sc2cncn12)C(F)(F)F,Active,Active
OC(CC1CCCCC1)c1c(sc2cncn12)C(F)(F)F,Active,Inactive
CC(CC(O)c1c(sc2cncn12)C1CC1)C1CCCCC1,Active,Active
CCC(C(O)c1c(sc2cncn12)C1CC1)C1CCCCC1,Inactive,Inactive
OC(C1CCCCC1)c1c(C=C)sc2cncn12,Active,Active
O[C@@H](C1CCCCC1)c1c(C=C)sc2cncn12,Active,Active
CC1(C)CCCC(C1)C(O)c1c(sc2cncn12)C1CC1,Active,Active
Cc1sc2cncn2c1[C@H](O)C1CCCCC1,Active,Active
OC(C1CCCCC1)c1c(sc2cncn12)C1CCC1,Active,Active
OC(C1CCC2(CCCC2)CC1)c1c(sc2cncn12)C1CC1,Active,Active
OC(CC1CCC(F)(F)CC1)c1c(sc2cncn12)C1CC1,Active,Active
CC(C)C1CCC(CC1)C(O)c1c(sc2cncn12)C1CC1,Active,Inactive
OC(C1CCC(CC1)c1ccccc1)c1c(sc2cncn12)C1CC1,Active,Inactive
O[C@H](C1CCC(CC1)c1ccccc1)c1c(sc2cncn12)C1CC1,Active,Inactive
CC(C)(C)C1CCC(CC(O)c2c(sc3cncn23)C2CC2)CC1,Inactive,Inactive
OC(CC1CCCCC1c1ccccc1)c1c(sc2cncn12)C1CC1,Inactive,Inactive
CC1(C)CCCCC1CC(O)c1c(sc2cncn12)C1CC1,Active,Active
OC(C1CCC(Cc2ccccc2)C1)c1c(sc2cncn12)C1CC1,Active,Inactive
CC(C)CC1CCC(C1)C(O)c1c(sc2cncn12)C1CC1,Active,Inactive
COC1CCCC(C1)C(O)c1c(sc2cncn12)C1CC1,Active,Inactive
O[C@H](C1CCCCC1)c1c(sc2cncn12)C1CCC1,Active,Active
O[C@@H](CC1CCCCC1)c1c(sc2cncn12)C1CCC1,Active,Active
OC(C1CCC(CC1)C(F)(F)F)c1c(sc2cncn12)C1CC1,Active,Active
CC(C(O)c1c(sc2cncn12)C1CC1)C1CCCCC1,Active,Active
OC(C1CCCC1c1ccccc1)c1c(sc2cncn12)C1CC1,Active,Inactive
CC1(C)CCCC1C(O)c1c(sc2cncn12)C1CC1,Active,Active
CC(C)C1CCC(CC(O)c2c(sc3cncn23)C2CC2)CC1,Active,Inactive
CC(C)(C)C1CCC(CC1)C(O)c1c(sc2cncn12)C1CC1,Active,Inactive
OC(CC1CCC(CC1)C1CCC1)c1c(sc2cncn12)C1CC1,Inactive,Inactive
CC1(CCC(C1)C(O)c1c(sc2cncn12)C1CC1)c1ccccc1,Active,Inactive
O[C@H](CC1CCCCC1)c1c(sc2cncn12)C1CCC1,Active,Active
OC(C1CCCCC1)c1c(sc2cncn12)C1CCCC1,Active,Active
OC(C1CCCC1Cc1ccccc1)c1c(sc2cncn12)C1CC1,Active,Inactive
OC(C1CCCCC1)c1c(sc2cncn12)-c1ccccc1,Active,Active
O[C@@H](C1CCCCC1)c1c(sc2cncn12)-c1ccccc1,Active,Active
OC(CC1CCCCC1)c1c(sc2cncn12)-c1ccccc1,Active,Active
OC(C1CCCCC1)c1c(sc2cncn12)-c1ccsc1,Active,Active
OC(CC1CCCCC1)c1c(sc2cncn12)-c1ccsc1,Active,Active
CCc1sc2cncn2c1C(O)C1CCCCC1,Active,Active
OC(CC1CCCCC1)c1c(C=C)sc2cncn12,Active,Active
CC(C)Cc1sc2cncn2c1C(O)C1CCCCC1,Active,Active
CC(C)Cc1sc2cncn2c1C(O)CC1CCCCC1,Inactive,Inactive
O[C@H](C1CCCCC1)c1c(sc2cncn12)C1CCCC1,Active,Active
C1c2cn[nH]c2-c2ccccc12,Inactive,Active
O=C(CC1c2cncn2-c2ccccc12)C1CCCCC1,Active,Active
O=C(CC1c2ccccc2-c2nncn12)C1CCCCC1,Inactive,Inactive
O=C(CC1c2ccccc2-c2cnnn12)C1CCCCC1,Inactive,Inactive
FC1(F)CCC(CC1)C(=O)CC1c2ccccc2-c2cnnn12,Inactive,Inactive
Cc1ccc(NC(=O)N2CCC(CC2)C(O)CC2c3ccccc3-c3cnnn23)cc1,Inactive,Inactive
OC(CC1c2ccccc2-c2cnnn12)C1CCC(F)(F)CC1,Inactive,Active
OC(CC1c2ccccc2-c2nncn12)C1CCCCC1,Inactive,Inactive
OC(CC1c2cncn2-c2ccccc12)C1CCCCC1,Active,Active
